Run,ReleaseDate,LoadDate,spots,bases,spots_with_mates,avgLength,size_MB,AssemblyName,download_path,Experiment,LibraryName,LibraryStrategy,LibrarySelection,LibrarySource,LibraryLayout,InsertSize,InsertDev,Platform,Model,SRAStudy,BioProject,Study_Pubmed_id,ProjectID,Sample,BioSample,SampleType,TaxID,ScientificName,SampleName,g1k_pop_code,source,g1k_analysis_group,Subject_ID,Sex,Disease,Tumor,Affection_Status,Analyte_Type,Histological_Type,Body_Site,CenterName,Submission,dbgap_study_accession,Consent,RunHash,ReadHash
SRR23106403,2023-10-13 09:04:21,2023-01-18 06:01:28,412480,188093698,412480,456,87,,https://sra-downloadb.be-md.ncbi.nlm.nih.gov/sos9/sra-pub-zq-922/SRR023/23106/SRR23106403/SRR23106403.lite.1,SRX19057605,A4_R7,WGS,PCR,GENOMIC,PAIRED,0,0,ILLUMINA,Illumina MiSeq,SRP418019,PRJNA925003,3,925003,SRS16473500,SAMN32777926,simple,562,Escherichia coli,20200203_MGL_01,,,,,,,no,,,,,TRANSLATIONAL HEALTH SCIENCE AND TECHNOLOGY INSTIT,SRA1575884,,public,5E3F3EC38D76260651A009727A8928B4,C77AA8475C845B8B4CFA41A760A2CF9B
SRR23106402,2023-10-13 09:04:21,2023-01-18 06:01:40,446224,212576713,446224,476,99,,https://sra-downloadb.be-md.ncbi.nlm.nih.gov/sos9/sra-pub-zq-922/SRR023/23106/SRR23106402/SRR23106402.lite.1,SRX19057606,B4_R7,WGS,PCR,GENOMIC,PAIRED,0,0,ILLUMINA,Illumina MiSeq,SRP418019,PRJNA925003,3,925003,SRS16473501,SAMN32777927,simple,562,Escherichia coli,20200203_MGL_03,,,,,,,no,,,,,TRANSLATIONAL HEALTH SCIENCE AND TECHNOLOGY INSTIT,SRA1575884,,public,615BCDB7992EDC5593E0534AC005FE21,836AB87096AF2F5AEF767FE5EE99CB2C
SRR23106291,2023-10-13 09:04:22,2023-01-18 06:01:22,476662,220710829,476662,463,103,,https://sra-downloadb.be-md.ncbi.nlm.nih.gov/sos1/sra-pub-zq-38/SRR023/23106/SRR23106291/SRR23106291.lite.1,SRX19057717,C4_R7,WGS,PCR,GENOMIC,PAIRED,0,0,ILLUMINA,Illumina MiSeq,SRP418019,PRJNA925003,3,925003,SRS16473612,SAMN32777928,simple,562,Escherichia coli,20200203_MGL_04,,,,,,,no,,,,,TRANSLATIONAL HEALTH SCIENCE AND TECHNOLOGY INSTIT,SRA1575884,,public,181397A105E9AD734E35A9B360E9F105,A839A3EE4D0D74659BDFEFFAEFAAAB9F
SRR23106349,2023-10-13 09:04:22,2023-01-18 06:01:27,341513,160618290,341513,470,77,,https://sra-downloadb.be-md.ncbi.nlm.nih.gov/sos9/sra-pub-zq-922/SRR023/23106/SRR23106349/SRR23106349.lite.1,SRX19057659,D4_R7,WGS,PCR,GENOMIC,PAIRED,0,0,ILLUMINA,Illumina MiSeq,SRP418019,PRJNA925003,3,925003,SRS16473554,SAMN32777929,simple,562,Escherichia coli,20200203_MGL_05,,,,,,,no,,,,,TRANSLATIONAL HEALTH SCIENCE AND TECHNOLOGY INSTIT,SRA1575884,,public,FEAF034F087C01E3F10205FED0C2BE83,E011776F06988EB7D0F17E7BF44DBDCD
SRR23106338,2023-10-13 09:04:22,2023-01-18 06:01:18,326155,164962655,326155,505,80,,https://sra-downloadb.be-md.ncbi.nlm.nih.gov/sos9/sra-pub-zq-922/SRR023/23106/SRR23106338/SRR23106338.lite.1,SRX19057670,E4_R7,WGS,PCR,GENOMIC,PAIRED,0,0,ILLUMINA,Illumina MiSeq,SRP418019,PRJNA925003,3,925003,SRS16473565,SAMN32777930,simple,562,Escherichia coli,20200203_MGL_06,,,,,,,no,,,,,TRANSLATIONAL HEALTH SCIENCE AND TECHNOLOGY INSTIT,SRA1575884,,public,66A5FBB31EE863172812D003459691BA,FD7500FF3878FC8402EFEAECC491A6BD
SRR23106244,2023-10-13 09:04:23,2023-01-18 06:01:11,290214,143448717,290214,494,69,,https://sra-downloadb.be-md.ncbi.nlm.nih.gov/sos9/sra-pub-zq-922/SRR023/23106/SRR23106244/SRR23106244.lite.1,SRX19057764,F4_R7,WGS,PCR,GENOMIC,PAIRED,0,0,ILLUMINA,Illumina MiSeq,SRP418019,PRJNA925003,3,925003,SRS16473659,SAMN32777931,simple,562,Escherichia coli,20200203_MGL_07,,,,,,,no,,,,,TRANSLATIONAL HEALTH SCIENCE AND TECHNOLOGY INSTIT,SRA1575884,,public,79AC95E8043E37325A99F4CE4F86DBE5,A03D7317C9B2C61E1199D218B5B5856D
SRR23106233,2023-10-13 09:04:23,2023-01-18 06:01:09,389793,191794343,389793,492,91,,https://sra-downloadb.be-md.ncbi.nlm.nih.gov/sos9/sra-pub-zq-922/SRR023/23106/SRR23106233/SRR23106233.lite.1,SRX19057775,G4_R7,WGS,PCR,GENOMIC,PAIRED,0,0,ILLUMINA,Illumina MiSeq,SRP418019,PRJNA925003,3,925003,SRS16473670,SAMN32777932,simple,562,Escherichia coli,20200203_MGL_08,,,,,,,no,,,,,TRANSLATIONAL HEALTH SCIENCE AND TECHNOLOGY INSTIT,SRA1575884,,public,795799CF9D8A5AE3CAC437F2E580863C,FA29E37231345800C1199C841AC65851
SRR23106222,2023-10-13 09:04:23,2023-01-18 06:01:08,264360,136581502,264360,516,69,,https://sra-downloadb.be-md.ncbi.nlm.nih.gov/sos9/sra-pub-zq-922/SRR023/23106/SRR23106222/SRR23106222.lite.1,SRX19057786,H4_R7,WGS,PCR,GENOMIC,PAIRED,0,0,ILLUMINA,Illumina MiSeq,SRP418019,PRJNA925003,3,925003,SRS16473681,SAMN32777933,simple,573,Klebsiella pneumoniae,20200203_MGL_09,,,,,,,no,,,,,TRANSLATIONAL HEALTH SCIENCE AND TECHNOLOGY INSTIT,SRA1575884,,public,96E652C8A11A1F7CE1D84712CE42A57B,9BAB352535FBB034780078FA0AFD9A60
SRR23106211,2023-10-13 09:04:23,2023-01-18 06:01:19,405090,208313323,405090,514,102,,https://sra-downloadb.be-md.ncbi.nlm.nih.gov/sos9/sra-pub-zq-922/SRR023/23106/SRR23106211/SRR23106211.lite.1,SRX19057797,A5_R7,WGS,PCR,GENOMIC,PAIRED,0,0,ILLUMINA,Illumina MiSeq,SRP418019,PRJNA925003,3,925003,SRS16473692,SAMN32777934,simple,573,Klebsiella pneumoniae,20200203_MGL_10,,,,,,,no,,,,,TRANSLATIONAL HEALTH SCIENCE AND TECHNOLOGY INSTIT,SRA1575884,,public,128A8625DD9F0D8DC785E012E354B3EB,21DA7C4632497527FEDF41F016563D7F
SRR23106283,2023-10-13 09:04:22,2023-01-18 06:01:17,392695,198054566,392695,504,93,,https://sra-downloadb.be-md.ncbi.nlm.nih.gov/sos9/sra-pub-zq-922/SRR023/23106/SRR23106283/SRR23106283.lite.1,SRX19057725,B5_R7,WGS,PCR,GENOMIC,PAIRED,0,0,ILLUMINA,Illumina MiSeq,SRP418019,PRJNA925003,3,925003,SRS16473620,SAMN32777935,simple,562,Escherichia coli,20200203_MGL_11,,,,,,,no,,,,,TRANSLATIONAL HEALTH SCIENCE AND TECHNOLOGY INSTIT,SRA1575884,,public,5401845560955C37791911F94C666B38,78F2D0DDDF655B6E33DF32ED2E3214D1
SRR23106401,2023-10-13 09:04:21,2023-01-18 06:01:45,530602,245760963,530602,463,114,,https://sra-downloadb.be-md.ncbi.nlm.nih.gov/sos9/sra-pub-zq-922/SRR023/23106/SRR23106401/SRR23106401.lite.1,SRX19057607,C5_R7,WGS,PCR,GENOMIC,PAIRED,0,0,ILLUMINA,Illumina MiSeq,SRP418019,PRJNA925003,3,925003,SRS16473502,SAMN32777936,simple,562,Escherichia coli,20200203_MGL_12,,,,,,,no,,,,,TRANSLATIONAL HEALTH SCIENCE AND TECHNOLOGY INSTIT,SRA1575884,,public,86DBF49AC3EAD5E6FEB43024E12FD708,B345181CE199343689F2FB6589625E68
SRR23106390,2023-10-13 09:04:22,2023-01-18 06:01:22,295489,136153173,295489,460,69,,https://sra-downloadb.be-md.ncbi.nlm.nih.gov/sos9/sra-pub-zq-922/SRR023/23106/SRR23106390/SRR23106390.lite.1,SRX19057618,D5_R7,WGS,PCR,GENOMIC,PAIRED,0,0,ILLUMINA,Illumina MiSeq,SRP418019,PRJNA925003,3,925003,SRS16473513,SAMN32777937,simple,573,Klebsiella pneumoniae,20200203_MGL_14,,,,,,,no,,,,,TRANSLATIONAL HEALTH SCIENCE AND TECHNOLOGY INSTIT,SRA1575884,,public,732D538342889C496220AF6A1B4D203B,E1767CB4097CADACB6B68E863A3B88E9
SRR23106331,2023-10-13 09:04:22,2023-01-18 06:01:19,521457,225913843,521457,433,93,,https://sra-downloadb.be-md.ncbi.nlm.nih.gov/sos9/sra-pub-zq-922/SRR023/23106/SRR23106331/SRR23106331.lite.1,SRX19057677,A1_R8,WGS,PCR,GENOMIC,PAIRED,0,0,ILLUMINA,Illumina MiSeq,SRP418019,PRJNA925003,3,925003,SRS16473572,SAMN32777938,simple,470,Acinetobacter baumannii,20200203_MGL_15,,,,,,,no,,,,,TRANSLATIONAL HEALTH SCIENCE AND TECHNOLOGY INSTIT,SRA1575884,,public,6D90AF6264468F09786EDC0C5D22C936,F2C04532757B28E17DC43EF41F6B08E0
SRR23106320,2023-10-13 09:04:22,2023-01-18 06:01:20,472411,207559640,472411,439,91,,https://sra-downloadb.be-md.ncbi.nlm.nih.gov/sos9/sra-pub-zq-922/SRR023/23106/SRR23106320/SRR23106320.lite.1,SRX19057688,B1_R8,WGS,PCR,GENOMIC,PAIRED,0,0,ILLUMINA,Illumina MiSeq,SRP418019,PRJNA925003,3,925003,SRS16473583,SAMN32777939,simple,562,Escherichia coli,20200203_MGL_16,,,,,,,no,,,,,TRANSLATIONAL HEALTH SCIENCE AND TECHNOLOGY INSTIT,SRA1575884,,public,2FB93A298B92E41950FA61DEE2F35EA0,7B6704159EF47C9EB65D3D4415A9850E
SRR23106309,2023-10-13 09:04:22,2023-01-18 06:01:23,408130,188768216,408130,462,96,,https://sra-downloadb.be-md.ncbi.nlm.nih.gov/sos9/sra-pub-zq-922/SRR023/23106/SRR23106309/SRR23106309.lite.1,SRX19057699,C1_R8,WGS,PCR,GENOMIC,PAIRED,0,0,ILLUMINA,Illumina MiSeq,SRP418019,PRJNA925003,3,925003,SRS16473594,SAMN32777940,simple,573,Klebsiella pneumoniae,20200203_MGL_18,,,,,,,no,,,,,TRANSLATIONAL HEALTH SCIENCE AND TECHNOLOGY INSTIT,SRA1575884,,public,BC69FB82B26BFB736DB71368FEE7748A,A72E18C007D32A53055921C0B20A2CE6
SRR23106370,2023-10-13 09:04:22,2023-01-18 06:01:32,477661,209006351,477661,437,91,,https://sra-downloadb.be-md.ncbi.nlm.nih.gov/sos9/sra-pub-zq-922/SRR023/23106/SRR23106370/SRR23106370.lite.1,SRX19057638,D1_R8,WGS,PCR,GENOMIC,PAIRED,0,0,ILLUMINA,Illumina MiSeq,SRP418019,PRJNA925003,3,925003,SRS16473533,SAMN32777941,simple,562,Escherichia coli,20200203_MGL_19,,,,,,,no,,,,,TRANSLATIONAL HEALTH SCIENCE AND TECHNOLOGY INSTIT,SRA1575884,,public,C72F6C0FC2D36B3848F1EF49F784E7DE,E14DF1C18CBA9AC2F981217D488A7E93
SRR23106359,2023-10-13 09:04:22,2023-01-18 06:01:21,308273,131981118,308273,428,76,,https://sra-downloadb.be-md.ncbi.nlm.nih.gov/sos9/sra-pub-zq-922/SRR023/23106/SRR23106359/SRR23106359.lite.1,SRX19057649,E1_R8,WGS,PCR,GENOMIC,PAIRED,0,0,ILLUMINA,Illumina MiSeq,SRP418019,PRJNA925003,3,925003,SRS16473544,SAMN32777942,simple,562,Escherichia coli,20200203_MGL_20,,,,,,,no,,,,,TRANSLATIONAL HEALTH SCIENCE AND TECHNOLOGY INSTIT,SRA1575884,,public,585A377674EBE552D4364ABC258783EA,DA0434FC4FF53A14C6BF4EEB1F160F62
SRR23106265,2023-10-13 09:04:23,2023-01-18 06:01:23,454066,192831390,454066,424,85,,https://sra-downloadb.be-md.ncbi.nlm.nih.gov/sos9/sra-pub-zq-922/SRR023/23106/SRR23106265/SRR23106265.lite.1,SRX19057743,G1_R8,WGS,PCR,GENOMIC,PAIRED,0,0,ILLUMINA,Illumina MiSeq,SRP418019,PRJNA925003,3,925003,SRS16473637,SAMN32777943,simple,562,Escherichia coli,20200203_MGL_22,,,,,,,no,,,,,TRANSLATIONAL HEALTH SCIENCE AND TECHNOLOGY INSTIT,SRA1575884,,public,68C927812BB0696D24F512C9638A4BA8,08E711E7D1BF703ADC993EB9E6A7A6DB
SRR23106254,2023-10-13 09:04:23,2023-01-18 06:00:55,336581,161778607,336581,480,83,,https://sra-downloadb.be-md.ncbi.nlm.nih.gov/sos9/sra-pub-zq-922/SRR023/23106/SRR23106254/SRR23106254.lite.1,SRX19057754,E5_R7,WGS,PCR,GENOMIC,PAIRED,0,0,ILLUMINA,Illumina MiSeq,SRP418019,PRJNA925003,3,925003,SRS16473649,SAMN32777944,simple,287,Pseudomonas aeruginosa,20200203_MGL_23,,,,,,,no,,,,,TRANSLATIONAL HEALTH SCIENCE AND TECHNOLOGY INSTIT,SRA1575884,,public,04713C5F2A77DAD1E6D017D2E198FBB2,AF385A3EFADAB09A2E8B8589528E4BC7
SRR23106302,2023-10-13 09:04:22,2023-01-18 06:01:26,451916,215363711,451916,476,110,,https://sra-downloadb.be-md.ncbi.nlm.nih.gov/sos9/sra-pub-zq-922/SRR023/23106/SRR23106302/SRR23106302.lite.1,SRX19057706,F5_R7,WGS,PCR,GENOMIC,PAIRED,0,0,ILLUMINA,Illumina MiSeq,SRP418019,PRJNA925003,3,925003,SRS16473601,SAMN32777945,simple,287,Pseudomonas aeruginosa,20200203_MGL_24,,,,,,,no,,,,,TRANSLATIONAL HEALTH SCIENCE AND TECHNOLOGY INSTIT,SRA1575884,,public,04698255C6E7E5358512F116DCB7AF78,333B3BD89EA7BFF91DC51F0B9291079B
SRR23106290,2023-10-13 09:04:22,2023-01-18 06:01:37,406775,207033469,406775,508,123,,https://sra-downloadb.be-md.ncbi.nlm.nih.gov/sos9/sra-pub-zq-922/SRR023/23106/SRR23106290/SRR23106290.lite.1,SRX19057718,A1_R9,WGS,PCR,GENOMIC,PAIRED,0,0,ILLUMINA,Illumina MiSeq,SRP418019,PRJNA925003,3,925003,SRS16473613,SAMN32777946,simple,287,Pseudomonas aeruginosa,20200203_MGL_25,,,,,,,no,,,,,TRANSLATIONAL HEALTH SCIENCE AND TECHNOLOGY INSTIT,SRA1575884,,public,D35FC98B140848F42357ECACEA203D69,5F8855933DA5DD4F6DEC79183638302D
SRR23106286,2023-10-13 09:04:22,2023-01-18 06:01:22,361551,202693384,361551,560,124,,https://sra-downloadb.be-md.ncbi.nlm.nih.gov/sos9/sra-pub-zq-922/SRR023/23106/SRR23106286/SRR23106286.lite.1,SRX19057722,B1_R9,WGS,PCR,GENOMIC,PAIRED,0,0,ILLUMINA,Illumina MiSeq,SRP418019,PRJNA925003,3,925003,SRS16473617,SAMN32777947,simple,287,Pseudomonas aeruginosa,20200203_MGL_28,,,,,,,no,,,,,TRANSLATIONAL HEALTH SCIENCE AND TECHNOLOGY INSTIT,SRA1575884,,public,DFDC63A2BF303D446B5E7537A35214A8,CDCBDB20D616915216AC8B0E1967AB77
SRR23106285,2023-10-13 09:04:22,2023-01-18 06:01:43,624307,328386588,624307,526,208,,https://sra-downloadb.be-md.ncbi.nlm.nih.gov/sos9/sra-pub-zq-922/SRR023/23106/SRR23106285/SRR23106285.lite.1,SRX19057723,A2_R10,WGS,PCR,GENOMIC,PAIRED,0,0,ILLUMINA,Illumina MiSeq,SRP418019,PRJNA925003,3,925003,SRS16473618,SAMN32777948,simple,287,Pseudomonas aeruginosa,20200203_MGL_31,,,,,,,no,,,,,TRANSLATIONAL HEALTH SCIENCE AND TECHNOLOGY INSTIT,SRA1575884,,public,B6F27D5E9213D4769155108E59ECD3E7,89AE53D072265F2301B90A4378CB3562
SRR23106284,2023-10-13 09:04:22,2023-01-18 06:01:28,456405,201610790,456405,441,90,,https://sra-downloadb.be-md.ncbi.nlm.nih.gov/sos9/sra-pub-zq-922/SRR023/23106/SRR23106284/SRR23106284.lite.1,SRX19057724,H1_R8,WGS,PCR,GENOMIC,PAIRED,0,0,ILLUMINA,Illumina MiSeq,SRP418019,PRJNA925003,3,925003,SRS16473619,SAMN32777949,simple,550,Enterobacter cloacae,20200317_MGL_33,,,,,,,no,,,,,TRANSLATIONAL HEALTH SCIENCE AND TECHNOLOGY INSTIT,SRA1575884,,public,E87E4B4BC77F23558C09F9D282706C69,29A2617975E6CAF3C9586F14C7EA96D2
SRR23106355,2023-10-13 09:04:22,2023-01-18 06:01:31,358011,182908331,358011,510,85,,https://sra-downloadb.be-md.ncbi.nlm.nih.gov/sos9/sra-pub-zq-922/SRR023/23106/SRR23106355/SRR23106355.lite.1,SRX19057653,A2_R8,WGS,PCR,GENOMIC,PAIRED,0,0,ILLUMINA,Illumina MiSeq,SRP418019,PRJNA925003,3,925003,SRS16473548,SAMN32777950,simple,573,Klebsiella pneumoniae,20200317_MGL_34,,,,,,,no,,,,,TRANSLATIONAL HEALTH SCIENCE AND TECHNOLOGY INSTIT,SRA1575884,,public,E79EABB406BE0DFDAAA15D7EA30F07E4,8AA346FCD301BEF90642C0208A643076
SRR23106354,2023-10-13 09:04:22,2023-01-18 06:01:29,336264,172740721,336264,513,79,,https://sra-downloadb.be-md.ncbi.nlm.nih.gov/sos9/sra-pub-zq-922/SRR023/23106/SRR23106354/SRR23106354.lite.1,SRX19057654,B2_R8,WGS,PCR,GENOMIC,PAIRED,0,0,ILLUMINA,Illumina MiSeq,SRP418019,PRJNA925003,3,925003,SRS16473549,SAMN32777951,simple,562,Escherichia coli,20200317_MGL_35,,,,,,,no,,,,,TRANSLATIONAL HEALTH SCIENCE AND TECHNOLOGY INSTIT,SRA1575884,,public,72816CD8B0730C69892B83A01420E6C9,41BEE9CB59638190ABD3F93E62B56162
SRR23106353,2023-10-13 09:04:22,2023-01-18 06:01:23,312485,151308945,312485,484,66,,https://sra-downloadb.be-md.ncbi.nlm.nih.gov/sos9/sra-pub-zq-922/SRR023/23106/SRR23106353/SRR23106353.lite.1,SRX19057655,C2_R8,WGS,PCR,GENOMIC,PAIRED,0,0,ILLUMINA,Illumina MiSeq,SRP418019,PRJNA925003,3,925003,SRS16473550,SAMN32777952,simple,470,Acinetobacter baumannii,20200317_MGL_36,,,,,,,no,,,,,TRANSLATIONAL HEALTH SCIENCE AND TECHNOLOGY INSTIT,SRA1575884,,public,77629BAE269A5E52E04F249F5AA2D748,583E72A351E941B753370E97FD4F039D
SRR23106352,2023-10-13 09:04:22,2023-01-18 06:01:25,514564,236290434,514564,459,98,,https://sra-downloadb.be-md.ncbi.nlm.nih.gov/sos9/sra-pub-zq-922/SRR023/23106/SRR23106352/SRR23106352.lite.1,SRX19057656,D2_R8,WGS,PCR,GENOMIC,PAIRED,0,0,ILLUMINA,Illumina MiSeq,SRP418019,PRJNA925003,3,925003,SRS16473551,SAMN32777953,simple,584,Proteus mirabilis,20200317_MGL_37,,,,,,,no,,,,,TRANSLATIONAL HEALTH SCIENCE AND TECHNOLOGY INSTIT,SRA1575884,,public,18E1E88E5EB9C0155F79D2FA11DE44A6,1703C00F0363E96A5B8E659BF5745CE0
SRR23106351,2023-10-13 09:04:22,2023-01-18 06:01:31,423277,211312691,423277,499,93,,https://sra-downloadb.be-md.ncbi.nlm.nih.gov/sos9/sra-pub-zq-922/SRR023/23106/SRR23106351/SRR23106351.lite.1,SRX19057657,E2_R8,WGS,PCR,GENOMIC,PAIRED,0,0,ILLUMINA,Illumina MiSeq,SRP418019,PRJNA925003,3,925003,SRS16473552,SAMN32777954,simple,470,Acinetobacter baumannii,20200317_MGL_38,,,,,,,no,,,,,TRANSLATIONAL HEALTH SCIENCE AND TECHNOLOGY INSTIT,SRA1575884,,public,81F4EA398AAFC141737C962A70A7BD03,F798092ECB51CAD085AA72E442F4AE53
SRR23106350,2023-10-13 09:04:22,2023-01-18 06:01:18,406496,208324098,406496,512,98,,https://sra-downloadb.be-md.ncbi.nlm.nih.gov/sos9/sra-pub-zq-922/SRR023/23106/SRR23106350/SRR23106350.lite.1,SRX19057658,F2_R8,WGS,PCR,GENOMIC,PAIRED,0,0,ILLUMINA,Illumina MiSeq,SRP418019,PRJNA925003,3,925003,SRS16473553,SAMN32777955,simple,573,Klebsiella pneumoniae,20200317_MGL_39,,,,,,,no,,,,,TRANSLATIONAL HEALTH SCIENCE AND TECHNOLOGY INSTIT,SRA1575884,,public,3438F9F5BDB7FB0C8DD8D2D786DA64D0,051E6FA5747C4B4D4CC59DD3BDB5C590
SRR23106348,2023-10-13 09:04:22,2023-01-18 06:01:24,375639,185765922,375639,494,86,,https://sra-downloadb.be-md.ncbi.nlm.nih.gov/sos9/sra-pub-zq-922/SRR023/23106/SRR23106348/SRR23106348.lite.1,SRX19057660,G2_R8,WGS,PCR,GENOMIC,PAIRED,0,0,ILLUMINA,Illumina MiSeq,SRP418019,PRJNA925003,3,925003,SRS16473555,SAMN32777956,simple,546,Citrobacter freundii,20200317_MGL_40,,,,,,,no,,,,,TRANSLATIONAL HEALTH SCIENCE AND TECHNOLOGY INSTIT,SRA1575884,,public,AC0156D881E4F8350881EC6A26099265,3878E8F08ADDBD29AA00A7A291CF3C5B
SRR23106347,2023-10-13 09:04:22,2023-01-18 06:01:36,405985,225025174,405985,554,131,,https://sra-downloadb.be-md.ncbi.nlm.nih.gov/sos9/sra-pub-zq-922/SRR023/23106/SRR23106347/SRR23106347.lite.1,SRX19057661,A1_R11,WGS,PCR,GENOMIC,PAIRED,0,0,ILLUMINA,Illumina MiSeq,SRP418019,PRJNA925003,3,925003,SRS16473556,SAMN32777957,simple,546,Citrobacter freundii,20200317_MGL_41,,,,,,,no,,,,,TRANSLATIONAL HEALTH SCIENCE AND TECHNOLOGY INSTIT,SRA1575884,,public,2B299829EE7EE4E0A5CEB8BDF03CDF14,2F02EC2D34ACBBA7635B83ABA27A5260
SRR23106346,2023-10-13 09:04:22,2023-01-18 06:01:27,431666,214616838,431666,497,96,,https://sra-downloadb.be-md.ncbi.nlm.nih.gov/sos9/sra-pub-zq-922/SRR023/23106/SRR23106346/SRR23106346.lite.1,SRX19057662,H2_R8,WGS,PCR,GENOMIC,PAIRED,0,0,ILLUMINA,Illumina MiSeq,SRP418019,PRJNA925003,3,925003,SRS16473557,SAMN32777958,simple,470,Acinetobacter baumannii,20200317_MGL_42,,,,,,,no,,,,,TRANSLATIONAL HEALTH SCIENCE AND TECHNOLOGY INSTIT,SRA1575884,,public,84CE6D1E35C268833DDBFFA67FDE59B6,B551222615805A40096C6E9D9807D9F1
SRR23106345,2023-10-13 09:04:22,2023-01-18 06:01:20,371160,196374862,371160,529,116,,https://sra-downloadb.be-md.ncbi.nlm.nih.gov/sos9/sra-pub-zq-922/SRR023/23106/SRR23106345/SRR23106345.lite.1,SRX19057663,C1_R9,WGS,PCR,GENOMIC,PAIRED,0,0,ILLUMINA,Illumina MiSeq,SRP418019,PRJNA925003,3,925003,SRS16473558,SAMN32777959,simple,548,Klebsiella aerogenes,20200317_MGL_44,,,,,,,no,,,,,TRANSLATIONAL HEALTH SCIENCE AND TECHNOLOGY INSTIT,SRA1575884,,public,A919B7E66E2C6B22C4393840D7F21672,E1CA277A803D12C14FCC3C8DF1DB654B
SRR23106344,2023-10-13 09:04:22,2023-01-18 06:01:35,333787,179678107,333787,538,107,,https://sra-downloadb.be-md.ncbi.nlm.nih.gov/sos9/sra-pub-zq-922/SRR023/23106/SRR23106344/SRR23106344.lite.1,SRX19057664,D1_R9,WGS,PCR,GENOMIC,PAIRED,0,0,ILLUMINA,Illumina MiSeq,SRP418019,PRJNA925003,3,925003,SRS16473559,SAMN32777960,simple,548,Klebsiella aerogenes,20200317_MGL_45,,,,,,,no,,,,,TRANSLATIONAL HEALTH SCIENCE AND TECHNOLOGY INSTIT,SRA1575884,,public,A6CA52EA72A8650EF3D9E2CE7139B7A4,B796485E6CD86BF0009965A4CDACB12C
SRR23106343,2023-10-13 09:04:22,2023-01-18 06:01:12,323409,161103955,323409,498,80,,https://sra-downloadb.be-md.ncbi.nlm.nih.gov/sos9/sra-pub-zq-922/SRR023/23106/SRR23106343/SRR23106343.lite.1,SRX19057665,B3_R8,WGS,PCR,GENOMIC,PAIRED,0,0,ILLUMINA,Illumina MiSeq,SRP418019,PRJNA925003,3,925003,SRS16473560,SAMN32777961,simple,287,Pseudomonas aeruginosa,20200317_MGL_46,,,,,,,no,,,,,TRANSLATIONAL HEALTH SCIENCE AND TECHNOLOGY INSTIT,SRA1575884,,public,E7051F32405D56960E3CF983F0C3503A,92F0CB0B703F8B954370A2DF7F6C4E7A
SRR23106342,2023-10-13 09:04:22,2023-01-18 06:01:19,353974,172825691,353974,488,85,,https://sra-downloadb.be-md.ncbi.nlm.nih.gov/sos9/sra-pub-zq-922/SRR023/23106/SRR23106342/SRR23106342.lite.1,SRX19057666,C3_R8,WGS,PCR,GENOMIC,PAIRED,0,0,ILLUMINA,Illumina MiSeq,SRP418019,PRJNA925003,3,925003,SRS16473561,SAMN32777962,simple,287,Pseudomonas aeruginosa,20200317_MGL_47,,,,,,,no,,,,,TRANSLATIONAL HEALTH SCIENCE AND TECHNOLOGY INSTIT,SRA1575884,,public,2CB84997EE27359304DA8D3CF8144244,4DD28001637BD2A73E0B9E24C8AD54BE
SRR23106341,2023-10-13 09:04:22,2023-01-18 06:01:33,290816,152515274,290816,524,77,,https://sra-downloadb.be-md.ncbi.nlm.nih.gov/sos9/sra-pub-zq-922/SRR023/23106/SRR23106341/SRR23106341.lite.1,SRX19057667,D3_R8,WGS,PCR,GENOMIC,PAIRED,0,0,ILLUMINA,Illumina MiSeq,SRP418019,PRJNA925003,3,925003,SRS16473562,SAMN32777963,simple,287,Pseudomonas aeruginosa,20200317_MGL_49,,,,,,,no,,,,,TRANSLATIONAL HEALTH SCIENCE AND TECHNOLOGY INSTIT,SRA1575884,,public,C68A73AF0D29CC86AD286B84741674DF,E67202E2E383ABCEA65F614B9A1D7754
SRR23106340,2023-10-13 09:04:22,2023-01-18 06:01:24,330849,163485953,330849,494,82,,https://sra-downloadb.be-md.ncbi.nlm.nih.gov/sos9/sra-pub-zq-922/SRR023/23106/SRR23106340/SRR23106340.lite.1,SRX19057668,E3_R8,WGS,PCR,GENOMIC,PAIRED,0,0,ILLUMINA,Illumina MiSeq,SRP418019,PRJNA925003,3,925003,SRS16473563,SAMN32777964,simple,287,Pseudomonas aeruginosa,20200317_MGL_50,,,,,,,no,,,,,TRANSLATIONAL HEALTH SCIENCE AND TECHNOLOGY INSTIT,SRA1575884,,public,243C0CDC1E0BC87C7B3D0BFB9123862F,1DD0F058A168F94074C10EDC3EDB2639
SRR23106339,2023-10-13 09:04:22,2023-01-18 06:01:42,480130,250109052,480130,520,151,,https://sra-downloadb.be-md.ncbi.nlm.nih.gov/sos9/sra-pub-zq-922/SRR023/23106/SRR23106339/SRR23106339.lite.1,SRX19057669,E1_R9,WGS,PCR,GENOMIC,PAIRED,0,0,ILLUMINA,Illumina MiSeq,SRP418019,PRJNA925003,3,925003,SRS16473564,SAMN32777965,simple,287,Pseudomonas aeruginosa,20200317_MGL_51,,,,,,,no,,,,,TRANSLATIONAL HEALTH SCIENCE AND TECHNOLOGY INSTIT,SRA1575884,,public,7E99E9E3E086D32BED8EF0D20601A530,3C2FEF7EE2057F2BAD2EC7A1FE482BE6
SRR23106337,2023-10-13 09:04:22,2023-01-18 06:01:42,817989,437346217,817989,534,258,,https://sra-downloadb.be-md.ncbi.nlm.nih.gov/sos9/sra-pub-zq-922/SRR023/23106/SRR23106337/SRR23106337.lite.1,SRX19057671,B1_R11,WGS,PCR,GENOMIC,PAIRED,0,0,ILLUMINA,Illumina MiSeq,SRP418019,PRJNA925003,3,925003,SRS16473566,SAMN32777966,simple,287,Pseudomonas aeruginosa,20200317_MGL_52,,,,,,,no,,,,,TRANSLATIONAL HEALTH SCIENCE AND TECHNOLOGY INSTIT,SRA1575884,,public,5EA16960E9E9AB0DE6A5803EEA030ABB,9571883FD8F688F613510A572C87B960
SRR23106336,2023-10-13 09:04:22,2023-01-18 06:01:02,269237,138934383,269237,516,71,,https://sra-downloadb.be-md.ncbi.nlm.nih.gov/sos9/sra-pub-zq-922/SRR023/23106/SRR23106336/SRR23106336.lite.1,SRX19057672,G3_R8,WGS,PCR,GENOMIC,PAIRED,0,0,ILLUMINA,Illumina MiSeq,SRP418019,PRJNA925003,3,925003,SRS16473567,SAMN32777967,simple,287,Pseudomonas aeruginosa,20200317_MGL_53,,,,,,,no,,,,,TRANSLATIONAL HEALTH SCIENCE AND TECHNOLOGY INSTIT,SRA1575884,,public,34E1BD363E77ABFF7AA06EAD15793384,D3D19835EA0E6444472DFBAD97E3AAA9
SRR23106335,2023-10-13 09:04:22,2023-01-18 06:01:16,352039,177447867,352039,504,90,,https://sra-downloadb.be-md.ncbi.nlm.nih.gov/sos9/sra-pub-zq-922/SRR023/23106/SRR23106335/SRR23106335.lite.1,SRX19057673,H3_R8,WGS,PCR,GENOMIC,PAIRED,0,0,ILLUMINA,Illumina MiSeq,SRP418019,PRJNA925003,3,925003,SRS16473568,SAMN32777968,simple,287,Pseudomonas aeruginosa,20200317_MGL_54,,,,,,,no,,,,,TRANSLATIONAL HEALTH SCIENCE AND TECHNOLOGY INSTIT,SRA1575884,,public,ED3D5DCBA9C2852AF35A2DDAF6E1608F,36765F075DFA3C4DD6E46FE35E4D5F2E
SRR23106245,2023-10-13 09:04:23,2023-01-18 06:01:11,396418,201916904,396418,509,87,,https://sra-downloadb.be-md.ncbi.nlm.nih.gov/sos9/sra-pub-zq-922/SRR023/23106/SRR23106245/SRR23106245.lite.1,SRX19057763,G4_R8,WGS,PCR,GENOMIC,PAIRED,0,0,ILLUMINA,Illumina MiSeq,SRP418019,PRJNA925003,3,925003,SRS16473658,SAMN32777975,simple,470,Acinetobacter baumannii,20200622_MGL_62,,,,,,,no,,,,,TRANSLATIONAL HEALTH SCIENCE AND TECHNOLOGY INSTIT,SRA1575884,,public,3612DA2B9FAE4863CAAFB5C50DAC343F,3F9E9435178E1750DF90FD25FAB3D1ED
SRR23106243,2023-10-13 09:04:23,2023-01-18 06:01:05,311716,168445858,311716,540,83,,https://sra-downloadb.be-md.ncbi.nlm.nih.gov/sos9/sra-pub-zq-922/SRR023/23106/SRR23106243/SRR23106243.lite.1,SRX19057765,H4_R8,WGS,PCR,GENOMIC,PAIRED,0,0,ILLUMINA,Illumina MiSeq,SRP418019,PRJNA925003,3,925003,SRS16473660,SAMN32777976,simple,573,Klebsiella pneumoniae,20200622_MGL_63,,,,,,,no,,,,,TRANSLATIONAL HEALTH SCIENCE AND TECHNOLOGY INSTIT,SRA1575884,,public,F4D318CD168A3ED5882FFEF5A5715752,2692D562C1112653560E8378C1200857
SRR23106242,2023-10-13 09:04:23,2023-01-18 06:01:16,462681,233780881,462681,505,136,,https://sra-downloadb.be-md.ncbi.nlm.nih.gov/sos9/sra-pub-zq-922/SRR023/23106/SRR23106242/SRR23106242.lite.1,SRX19057766,G1_R9,WGS,PCR,GENOMIC,PAIRED,0,0,ILLUMINA,Illumina MiSeq,SRP418019,PRJNA925003,3,925003,SRS16473661,SAMN32777977,simple,573,Klebsiella pneumoniae,20200622_MGL_64,,,,,,,no,,,,,TRANSLATIONAL HEALTH SCIENCE AND TECHNOLOGY INSTIT,SRA1575884,,public,0CD35CA9AE1510D53C685EA8C2F36BB2,678A526494C84551ACC9A67AD22FD424
SRR23106241,2023-10-13 09:04:23,2023-01-18 06:01:03,264963,140788084,264963,531,67,,https://sra-downloadb.be-md.ncbi.nlm.nih.gov/sos9/sra-pub-zq-922/SRR023/23106/SRR23106241/SRR23106241.lite.1,SRX19057767,B5_R8,WGS,PCR,GENOMIC,PAIRED,0,0,ILLUMINA,Illumina MiSeq,SRP418019,PRJNA925003,3,925003,SRS16473662,SAMN32777978,simple,562,Escherichia coli,20200622_MGL_66,,,,,,,no,,,,,TRANSLATIONAL HEALTH SCIENCE AND TECHNOLOGY INSTIT,SRA1575884,,public,68CD1A1D05112FA7874A3CE8A0FADF21,A9CBDBAC78D26C73C9EEEB46AC38E435
SRR23106240,2023-10-13 09:04:23,2023-01-18 06:01:23,295590,156745537,295590,530,75,,https://sra-downloadb.be-md.ncbi.nlm.nih.gov/sos9/sra-pub-zq-922/SRR023/23106/SRR23106240/SRR23106240.lite.1,SRX19057768,C5_R8,WGS,PCR,GENOMIC,PAIRED,0,0,ILLUMINA,Illumina MiSeq,SRP418019,PRJNA925003,3,925003,SRS16473663,SAMN32777979,simple,562,Escherichia coli,20200622_MGL_67,,,,,,,no,,,,,TRANSLATIONAL HEALTH SCIENCE AND TECHNOLOGY INSTIT,SRA1575884,,public,B18F8F18DF230F0D9A8D995AA281EE20,F3FDC082CFDDEFB5A5E693E4CE6859B4
SRR23106239,2023-10-13 09:04:23,2023-01-18 06:00:59,388082,199817208,388082,514,118,,https://sra-downloadb.be-md.ncbi.nlm.nih.gov/sos9/sra-pub-zq-922/SRR023/23106/SRR23106239/SRR23106239.lite.1,SRX19057769,H1_R9,WGS,PCR,GENOMIC,PAIRED,0,0,ILLUMINA,Illumina MiSeq,SRP418019,PRJNA925003,3,925003,SRS16473664,SAMN32777980,simple,573,Klebsiella pneumoniae,20200622_MGL_68,,,,,,,no,,,,,TRANSLATIONAL HEALTH SCIENCE AND TECHNOLOGY INSTIT,SRA1575884,,public,A66B9663C490BF363C4F6F64E9831CC7,C2C74013795E89E6F6843A18BAFCCD4F
SRR23106238,2023-10-13 09:04:23,2023-01-18 06:01:15,289265,149844452,289265,518,66,,https://sra-downloadb.be-md.ncbi.nlm.nih.gov/sos9/sra-pub-zq-922/SRR023/23106/SRR23106238/SRR23106238.lite.1,SRX19057770,E5_R8,WGS,PCR,GENOMIC,PAIRED,0,0,ILLUMINA,Illumina MiSeq,SRP418019,PRJNA925003,3,925003,SRS16473665,SAMN32777981,simple,470,Acinetobacter baumannii,20200622_MGL_69,,,,,,,no,,,,,TRANSLATIONAL HEALTH SCIENCE AND TECHNOLOGY INSTIT,SRA1575884,,public,6B62242A60C53275DE1E3E7256B7B133,DBB2990B7E857F23D3B0A26B63AA0A5E
SRR23106237,2023-10-13 09:04:23,2023-01-18 06:01:21,276397,149917550,276397,542,75,,https://sra-downloadb.be-md.ncbi.nlm.nih.gov/sos9/sra-pub-zq-922/SRR023/23106/SRR23106237/SRR23106237.lite.1,SRX19057771,F5_R8,WGS,PCR,GENOMIC,PAIRED,0,0,ILLUMINA,Illumina MiSeq,SRP418019,PRJNA925003,3,925003,SRS16473666,SAMN32777982,simple,573,Klebsiella pneumoniae,20200622_MGL_70,,,,,,,no,,,,,TRANSLATIONAL HEALTH SCIENCE AND TECHNOLOGY INSTIT,SRA1575884,,public,203AECC9B7FF7DE952F748E26806831B,030E57BF2C958AE39CA50F8285A28A40
SRR23106236,2023-10-13 09:04:23,2023-01-18 06:01:21,293351,155159481,293351,528,76,,https://sra-downloadb.be-md.ncbi.nlm.nih.gov/sos9/sra-pub-zq-922/SRR023/23106/SRR23106236/SRR23106236.lite.1,SRX19057772,G5_R8,WGS,PCR,GENOMIC,PAIRED,0,0,ILLUMINA,Illumina MiSeq,SRP418019,PRJNA925003,3,925003,SRS16473667,SAMN32777983,simple,573,Klebsiella pneumoniae,20200622_MGL_72,,,,,,,no,,,,,TRANSLATIONAL HEALTH SCIENCE AND TECHNOLOGY INSTIT,SRA1575884,,public,17536489EB480CF88BB236F461CEBB0B,8EF7C0D4340DBFAEA0449BF6F046A1A1
SRR23106235,2023-10-13 09:04:23,2023-01-18 06:01:23,741262,388697237,741262,524,221,,https://sra-downloadb.be-md.ncbi.nlm.nih.gov/sos9/sra-pub-zq-922/SRR023/23106/SRR23106235/SRR23106235.lite.1,SRX19057773,C1_R11,WGS,PCR,GENOMIC,PAIRED,0,0,ILLUMINA,Illumina MiSeq,SRP418019,PRJNA925003,3,925003,SRS16473668,SAMN32777984,simple,573,Klebsiella pneumoniae,20200622_MGL_73,,,,,,,no,,,,,TRANSLATIONAL HEALTH SCIENCE AND TECHNOLOGY INSTIT,SRA1575884,,public,D66DB221A32E3E66C58E4F1143EC71FC,A68110A8AECFBEBA39DFF6D5BCFC0A76
SRR23106212,2023-10-13 09:04:23,2023-01-18 06:01:27,428232,226138584,428232,528,139,,https://sra-downloadb.be-md.ncbi.nlm.nih.gov/sos9/sra-pub-zq-922/SRR023/23106/SRR23106212/SRR23106212.lite.1,SRX19057796,F2_R9,WGS,PCR,GENOMIC,PAIRED,0,0,ILLUMINA,Illumina MiSeq,SRP418019,PRJNA925003,3,925003,SRS16473691,SAMN32778005,simple,287,Pseudomonas aeruginosa,MGL_100,,,,,,,no,,,,,TRANSLATIONAL HEALTH SCIENCE AND TECHNOLOGY INSTIT,SRA1575884,,public,EBA7DA7C17F7641BDF92E316F8D7B669,E6926070C50659CD60DF8DD52FC9C8C2
SRR23106210,2023-10-13 09:04:23,2023-01-18 06:01:05,406762,206816429,406762,508,124,,https://sra-downloadb.be-md.ncbi.nlm.nih.gov/sos9/sra-pub-zq-922/SRR023/23106/SRR23106210/SRR23106210.lite.1,SRX19057798,G2_R9,WGS,PCR,GENOMIC,PAIRED,0,0,ILLUMINA,Illumina MiSeq,SRP418019,PRJNA925003,3,925003,SRS16473693,SAMN32778006,simple,287,Pseudomonas aeruginosa,MGL_101,,,,,,,no,,,,,TRANSLATIONAL HEALTH SCIENCE AND TECHNOLOGY INSTIT,SRA1575884,,public,17D0C2A91487465DEB29325027802BDC,98A51658268299A434A69382A561CBD4
SRR23106209,2023-10-13 09:04:23,2023-01-18 06:01:51,1038020,541258172,1038020,521,307,,https://sra-downloadb.be-md.ncbi.nlm.nih.gov/sos9/sra-pub-zq-922/SRR023/23106/SRR23106209/SRR23106209.lite.1,SRX19057799,F1_R11,WGS,PCR,GENOMIC,PAIRED,0,0,ILLUMINA,Illumina MiSeq,SRP418019,PRJNA925003,3,925003,SRS16473694,SAMN32778007,simple,573,Klebsiella pneumoniae,MGL_103,,,,,,,no,,,,,TRANSLATIONAL HEALTH SCIENCE AND TECHNOLOGY INSTIT,SRA1575884,,public,95943CE01DBAE179D3B89CAD2F138D48,9D5C780E1B6AECD53C0706BA0ECF3F44
SRR23106208,2023-10-13 09:04:23,2023-01-18 06:01:42,759800,388741143,759800,511,233,,https://sra-downloadb.be-md.ncbi.nlm.nih.gov/sos9/sra-pub-zq-922/SRR023/23106/SRR23106208/SRR23106208.lite.1,SRX19057800,B2_R10,WGS,PCR,GENOMIC,PAIRED,0,0,ILLUMINA,Illumina MiSeq,SRP418019,PRJNA925003,3,925003,SRS16473695,SAMN32778008,simple,573,Klebsiella pneumoniae,MGL_104,,,,,,,no,,,,,TRANSLATIONAL HEALTH SCIENCE AND TECHNOLOGY INSTIT,SRA1575884,,public,DA127E1E21C929F526219C7E713CC629,F07BF2BA51651BBF5061A626BAB012B5
SRR23106207,2023-10-13 09:04:23,2023-01-18 06:01:33,650128,334811540,650128,514,210,,https://sra-downloadb.be-md.ncbi.nlm.nih.gov/sos9/sra-pub-zq-922/SRR023/23106/SRR23106207/SRR23106207.lite.1,SRX19057801,E1_R10,WGS,PCR,GENOMIC,PAIRED,0,0,ILLUMINA,Illumina MiSeq,SRP418019,PRJNA925003,3,925003,SRS16473696,SAMN32778009,simple,287,Pseudomonas aeruginosa,MGL_105,,,,,,,no,,,,,TRANSLATIONAL HEALTH SCIENCE AND TECHNOLOGY INSTIT,SRA1575884,,public,0EFBAD630B8A0388D8257533D3E42578,6226D4AEA7C7D86F6EB066F91EFD6307
SRR23106206,2023-10-13 09:04:23,2023-01-18 06:01:39,707847,351771324,707847,496,205,,https://sra-downloadb.be-md.ncbi.nlm.nih.gov/sos9/sra-pub-zq-922/SRR023/23106/SRR23106206/SRR23106206.lite.1,SRX19057802,F1_R10,WGS,PCR,GENOMIC,PAIRED,0,0,ILLUMINA,Illumina MiSeq,SRP418019,PRJNA925003,3,925003,SRS16473697,SAMN32778010,simple,562,Escherichia coli,MGL_106,,,,,,,no,,,,,TRANSLATIONAL HEALTH SCIENCE AND TECHNOLOGY INSTIT,SRA1575884,,public,25B4AA30944CF9C564BF3CB0ADC9216B,C8A6983EDD588E03BD10EBC242C7E6BB
SRR23106205,2023-10-13 09:04:23,2023-01-18 06:01:17,700055,348701863,700055,498,214,,https://sra-downloadb.be-md.ncbi.nlm.nih.gov/sos9/sra-pub-zq-922/SRR023/23106/SRR23106205/SRR23106205.lite.1,SRX19057803,G1_R10,WGS,PCR,GENOMIC,PAIRED,0,0,ILLUMINA,Illumina MiSeq,SRP418019,PRJNA925003,3,925003,SRS16473698,SAMN32778011,simple,287,Pseudomonas aeruginosa,MGL_108,,,,,,,no,,,,,TRANSLATIONAL HEALTH SCIENCE AND TECHNOLOGY INSTIT,SRA1575884,,public,B816B308150341518BE3287ED9B16CCB,7F8DE5674DECA765ABA958C570F6BD9A
SRR23106204,2023-10-13 09:04:23,2023-01-18 06:00:57,739731,361727905,739731,488,222,,https://sra-downloadb.be-md.ncbi.nlm.nih.gov/sos9/sra-pub-zq-922/SRR023/23106/SRR23106204/SRR23106204.lite.1,SRX19057804,H1_R10,WGS,PCR,GENOMIC,PAIRED,0,0,ILLUMINA,Illumina MiSeq,SRP418019,PRJNA925003,3,925003,SRS16473699,SAMN32778012,simple,287,Pseudomonas aeruginosa,MGL_109,,,,,,,no,,,,,TRANSLATIONAL HEALTH SCIENCE AND TECHNOLOGY INSTIT,SRA1575884,,public,D70855E882A852549ED035C4F0784A30,F33C1DDA778DB30D6132807446859470
SRR23106203,2023-10-13 09:04:23,2023-01-18 06:01:05,1005963,489752244,1005963,486,267,,https://sra-downloadb.be-md.ncbi.nlm.nih.gov/sos9/sra-pub-zq-922/SRR023/23106/SRR23106203/SRR23106203.lite.1,SRX19057805,F2_R10,WGS,PCR,GENOMIC,PAIRED,0,0,ILLUMINA,Illumina MiSeq,SRP418019,PRJNA925003,3,925003,SRS16473700,SAMN32778013,simple,470,Acinetobacter baumannii,MGL_112,,,,,,,no,,,,,TRANSLATIONAL HEALTH SCIENCE AND TECHNOLOGY INSTIT,SRA1575884,,public,0FC7F2879744E70A773D063A0A3512A9,2DCAE35C31DF1CE076A05974FCD68124
SRR23106202,2023-10-13 09:04:23,2023-01-18 06:01:35,747349,378883864,747349,506,225,,https://sra-downloadb.be-md.ncbi.nlm.nih.gov/sos9/sra-pub-zq-922/SRR023/23106/SRR23106202/SRR23106202.lite.1,SRX19057806,A3_R10,WGS,PCR,GENOMIC,PAIRED,0,0,ILLUMINA,Illumina MiSeq,SRP418019,PRJNA925003,3,925003,SRS16473701,SAMN32778014,simple,158836,Enterobacter hormaechei,MGL_113,,,,,,,no,,,,,TRANSLATIONAL HEALTH SCIENCE AND TECHNOLOGY INSTIT,SRA1575884,,public,2166D4E8D9F43D485ABC7CCB688EB11C,75D2A95FC279D19226E0B00E84B9E950
SRR23106201,2023-10-13 09:04:23,2023-01-18 06:01:09,538728,296451783,538728,550,189,,https://sra-downloadb.be-md.ncbi.nlm.nih.gov/sos9/sra-pub-zq-922/SRR023/23106/SRR23106201/SRR23106201.lite.1,SRX19057807,G2_R10,WGS,PCR,GENOMIC,PAIRED,0,0,ILLUMINA,Illumina MiSeq,SRP418019,PRJNA925003,3,925003,SRS16473702,SAMN32778015,simple,287,Pseudomonas aeruginosa,MGL_114,,,,,,,no,,,,,TRANSLATIONAL HEALTH SCIENCE AND TECHNOLOGY INSTIT,SRA1575884,,public,30491F8A7EA59EC49B6F35B72509E735,8EB316A2F2741B14CD8E9170A988A2AA
SRR23106282,2023-10-13 09:04:22,2023-01-18 06:01:35,572819,297558152,572819,519,186,,https://sra-downloadb.be-md.ncbi.nlm.nih.gov/sos9/sra-pub-zq-922/SRR023/23106/SRR23106282/SRR23106282.lite.1,SRX19057726,H2_R10,WGS,PCR,GENOMIC,PAIRED,0,0,ILLUMINA,Illumina MiSeq,SRP418019,PRJNA925003,3,925003,SRS16473621,SAMN32778016,simple,287,Pseudomonas aeruginosa,MGL_115,,,,,,,no,,,,,TRANSLATIONAL HEALTH SCIENCE AND TECHNOLOGY INSTIT,SRA1575884,,public,3A3AA7FE3AE077C929B0E37C07B52618,560380756E079D5CBCB7425304E45E9E
SRR23106281,2023-10-13 09:04:22,2023-01-18 06:01:50,951618,453847722,951618,476,260,,https://sra-downloadb.be-md.ncbi.nlm.nih.gov/sos9/sra-pub-zq-922/SRR023/23106/SRR23106281/SRR23106281.lite.1,SRX19057727,B3_R10,WGS,PCR,GENOMIC,PAIRED,0,0,ILLUMINA,Illumina MiSeq,SRP418019,PRJNA925003,3,925003,SRS16473622,SAMN32778017,simple,562,Escherichia coli,MGL_116,,,,,,,no,,,,,TRANSLATIONAL HEALTH SCIENCE AND TECHNOLOGY INSTIT,SRA1575884,,public,02EFCD7507866546735E8286048CBB4C,6D628AB23D63D6B8158780AD8D9014C2
SRR23106280,2023-10-13 09:04:22,2023-01-18 06:01:37,828884,399404757,828884,481,232,,https://sra-downloadb.be-md.ncbi.nlm.nih.gov/sos9/sra-pub-zq-922/SRR023/23106/SRR23106280/SRR23106280.lite.1,SRX19057728,C3_R10,WGS,PCR,GENOMIC,PAIRED,0,0,ILLUMINA,Illumina MiSeq,SRP418019,PRJNA925003,3,925003,SRS16473623,SAMN32778018,simple,562,Escherichia coli,MGL_117,,,,,,,no,,,,,TRANSLATIONAL HEALTH SCIENCE AND TECHNOLOGY INSTIT,SRA1575884,,public,88EA0ACE407DFDF9C0B9A8A6737D4C74,A28F1F936D1F100278A174F78706954A
SRR23106279,2023-10-13 09:04:22,2023-01-18 06:01:39,854309,441486787,854309,516,245,,https://sra-downloadb.be-md.ncbi.nlm.nih.gov/sos9/sra-pub-zq-922/SRR023/23106/SRR23106279/SRR23106279.lite.1,SRX19057729,A2_R11,WGS,PCR,GENOMIC,PAIRED,0,0,ILLUMINA,Illumina MiSeq,SRP418019,PRJNA925003,3,925003,SRS16473624,SAMN32778019,simple,562,Escherichia coli,MGL_118,,,,,,,no,,,,,TRANSLATIONAL HEALTH SCIENCE AND TECHNOLOGY INSTIT,SRA1575884,,public,156CFF1F96E23621A52001BF787B286A,BA6CA97A7BF08F1F0D53AA309B8C1096
SRR23106278,2023-10-13 09:04:22,2023-01-18 06:01:35,706573,354273933,706573,501,215,,https://sra-downloadb.be-md.ncbi.nlm.nih.gov/sos9/sra-pub-zq-922/SRR023/23106/SRR23106278/SRR23106278.lite.1,SRX19057730,E2_R10,WGS,PCR,GENOMIC,PAIRED,0,0,ILLUMINA,Illumina MiSeq,SRP418019,PRJNA925003,3,925003,SRS16473625,SAMN32778020,simple,287,Pseudomonas aeruginosa,MGL_119,,,,,,,no,,,,,TRANSLATIONAL HEALTH SCIENCE AND TECHNOLOGY INSTIT,SRA1575884,,public,1FF2078CA7FF2209459897A56067A1B6,9EE3008D0640B8F18D14FCE27FF961DE
SRR23106277,2023-10-13 09:04:22,2023-01-18 06:01:30,749197,374818382,749197,500,228,,https://sra-downloadb.be-md.ncbi.nlm.nih.gov/sos9/sra-pub-zq-922/SRR023/23106/SRR23106277/SRR23106277.lite.1,SRX19057731,E3_R10,WGS,PCR,GENOMIC,PAIRED,0,0,ILLUMINA,Illumina MiSeq,SRP418019,PRJNA925003,3,925003,SRS16473626,SAMN32778021,simple,287,Pseudomonas aeruginosa,MGL_120,,,,,,,no,,,,,TRANSLATIONAL HEALTH SCIENCE AND TECHNOLOGY INSTIT,SRA1575884,,public,65A736569987939EF1D2BC7B5B984089,882232A7416710236554167571A0737E
SRR23106276,2023-10-13 09:04:22,2023-01-18 06:01:52,750846,383797672,750846,511,227,,https://sra-downloadb.be-md.ncbi.nlm.nih.gov/sos9/sra-pub-zq-922/SRR023/23106/SRR23106276/SRR23106276.lite.1,SRX19057732,G3_R10,WGS,PCR,GENOMIC,PAIRED,0,0,ILLUMINA,Illumina MiSeq,SRP418019,PRJNA925003,3,925003,SRS16473627,SAMN32778022,simple,573,Klebsiella pneumoniae,MGL_121,,,,,,,no,,,,,TRANSLATIONAL HEALTH SCIENCE AND TECHNOLOGY INSTIT,SRA1575884,,public,B3DBA9139256096DD68EB069EC398157,BCA310FCB01DFAC6F35154AC662DABD3
SRR23106275,2023-10-13 09:04:22,2023-01-18 06:01:50,817810,389851152,817810,476,225,,https://sra-downloadb.be-md.ncbi.nlm.nih.gov/sos9/sra-pub-zq-922/SRR023/23106/SRR23106275/SRR23106275.lite.1,SRX19057733,H3_R10,WGS,PCR,GENOMIC,PAIRED,0,0,ILLUMINA,Illumina MiSeq,SRP418019,PRJNA925003,3,925003,SRS16473628,SAMN32778023,simple,562,Escherichia coli,MGL_123,,,,,,,no,,,,,TRANSLATIONAL HEALTH SCIENCE AND TECHNOLOGY INSTIT,SRA1575884,,public,BD3B9CAFBF655A7107A29A01AC5142D6,586323854548D68D6108B337B7B36668
SRR23106274,2023-10-13 09:04:22,2023-01-18 06:01:59,975158,462750548,975158,474,266,,https://sra-downloadb.be-md.ncbi.nlm.nih.gov/sos9/sra-pub-zq-922/SRR023/23106/SRR23106274/SRR23106274.lite.1,SRX19057734,F3_R10,WGS,PCR,GENOMIC,PAIRED,0,0,ILLUMINA,Illumina MiSeq,SRP418019,PRJNA925003,3,925003,SRS16473629,SAMN32778024,simple,573,Klebsiella pneumoniae,MGL_124,,,,,,,no,,,,,TRANSLATIONAL HEALTH SCIENCE AND TECHNOLOGY INSTIT,SRA1575884,,public,FD1E08560F9EAEAA484025126F17F943,F3928C83DF7C92FF1A3A33940DD94BDD
SRR23106273,2023-10-13 09:04:22,2023-01-18 06:01:42,853107,396126128,853107,464,225,,https://sra-downloadb.be-md.ncbi.nlm.nih.gov/sos9/sra-pub-zq-922/SRR023/23106/SRR23106273/SRR23106273.lite.1,SRX19057735,C4_R10,WGS,PCR,GENOMIC,PAIRED,0,0,ILLUMINA,Illumina MiSeq,SRP418019,PRJNA925003,3,925003,SRS16473630,SAMN32778025,simple,562,Escherichia coli,MGL_125,,,,,,,no,,,,,TRANSLATIONAL HEALTH SCIENCE AND TECHNOLOGY INSTIT,SRA1575884,,public,F1A19EEF2398E92D57127010DB27CD02,E6882DD9E01F11744FEB953556A82CD8
SRR23106400,2023-10-13 09:04:21,2023-01-18 06:01:38,947624,432874172,947624,456,241,,https://sra-downloadb.be-md.ncbi.nlm.nih.gov/sos9/sra-pub-zq-922/SRR023/23106/SRR23106400/SRR23106400.lite.1,SRX19057608,D3_R10,WGS,PCR,GENOMIC,PAIRED,0,0,ILLUMINA,Illumina MiSeq,SRP418019,PRJNA925003,3,925003,SRS16473503,SAMN32778026,simple,562,Escherichia coli,MGL_126,,,,,,,no,,,,,TRANSLATIONAL HEALTH SCIENCE AND TECHNOLOGY INSTIT,SRA1575884,,public,49ED2AAD750BBAE0DC3E0D40F70A0B33,6DDCF20E01F9B8FA1AFDAE664117574A
SRR23106399,2023-10-13 09:04:21,2023-01-18 06:01:58,914426,476958458,914426,521,273,,https://sra-downloadb.be-md.ncbi.nlm.nih.gov/sos9/sra-pub-zq-922/SRR023/23106/SRR23106399/SRR23106399.lite.1,SRX19057609,B2_R11,WGS,PCR,GENOMIC,PAIRED,0,0,ILLUMINA,Illumina MiSeq,SRP418019,PRJNA925003,3,925003,SRS16473504,SAMN32778027,simple,573,Klebsiella pneumoniae,MGL_128,,,,,,,no,,,,,TRANSLATIONAL HEALTH SCIENCE AND TECHNOLOGY INSTIT,SRA1575884,,public,A0056D40F486882AD0D56BFCA16B8693,B7EDD2AB70E9ECC42CA16055BB734C63
SRR23106398,2023-10-13 09:04:21,2023-01-18 06:02:02,850851,430091024,850851,505,238,,https://sra-downloadb.be-md.ncbi.nlm.nih.gov/sos9/sra-pub-zq-922/SRR023/23106/SRR23106398/SRR23106398.lite.1,SRX19057610,D2_R11,WGS,PCR,GENOMIC,PAIRED,0,0,ILLUMINA,Illumina MiSeq,SRP418019,PRJNA925003,3,925003,SRS16473505,SAMN32778028,simple,562,Escherichia coli,MGL_131,,,,,,,no,,,,,TRANSLATIONAL HEALTH SCIENCE AND TECHNOLOGY INSTIT,SRA1575884,,public,E465FD994500718C9A37B6B1E33616E3,1871E758FDC94DCD29DC7265ACC1F7B6
SRR23106397,2023-10-13 09:04:21,2023-01-18 06:01:41,884811,432757134,884811,489,224,,https://sra-downloadb.be-md.ncbi.nlm.nih.gov/sos9/sra-pub-zq-922/SRR023/23106/SRR23106397/SRR23106397.lite.1,SRX19057611,E2_R11,WGS,PCR,GENOMIC,PAIRED,0,0,ILLUMINA,Illumina MiSeq,SRP418019,PRJNA925003,3,925003,SRS16473506,SAMN32778029,simple,470,Acinetobacter baumannii,MGL_132,,,,,,,no,,,,,TRANSLATIONAL HEALTH SCIENCE AND TECHNOLOGY INSTIT,SRA1575884,,public,0E3645E52879C579278AB1DEB7871294,C712E298D30256381806ACC964FC90E3
SRR23106396,2023-10-13 09:04:21,2023-01-18 06:01:27,831561,429333517,831561,516,240,,https://sra-downloadb.be-md.ncbi.nlm.nih.gov/sos9/sra-pub-zq-922/SRR023/23106/SRR23106396/SRR23106396.lite.1,SRX19057612,F2_R11,WGS,PCR,GENOMIC,PAIRED,0,0,ILLUMINA,Illumina MiSeq,SRP418019,PRJNA925003,3,925003,SRS16473507,SAMN32778030,simple,562,Escherichia coli,MGL_133,,,,,,,no,,,,,TRANSLATIONAL HEALTH SCIENCE AND TECHNOLOGY INSTIT,SRA1575884,,public,48E7C22B338A3211F8D88171A8483E2A,67896BCAF5BEF08013A6A197FA074854
SRR23106395,2023-10-13 09:04:21,2023-01-18 06:01:38,565781,318455606,565781,562,188,,https://sra-downloadb.be-md.ncbi.nlm.nih.gov/sos9/sra-pub-zq-922/SRR023/23106/SRR23106395/SRR23106395.lite.1,SRX19057613,A1_R12,WGS,PCR,GENOMIC,PAIRED,0,0,ILLUMINA,Illumina MiSeq,SRP418019,PRJNA925003,3,925003,SRS16473508,SAMN32778031,simple,573,Klebsiella pneumoniae,MGL_134,,,,,,,no,,,,,TRANSLATIONAL HEALTH SCIENCE AND TECHNOLOGY INSTIT,SRA1575884,,public,9F95CB039B1BDF63F38DAD8234D9E986,70A97B11251AF8DF5CA5C634AD3D1BEA
SRR23106394,2023-10-13 09:04:21,2023-01-18 06:01:44,441949,252228461,441949,570,151,,https://sra-downloadb.be-md.ncbi.nlm.nih.gov/sos9/sra-pub-zq-922/SRR023/23106/SRR23106394/SRR23106394.lite.1,SRX19057614,B1_R12,WGS,PCR,GENOMIC,PAIRED,0,0,ILLUMINA,Illumina MiSeq,SRP418019,PRJNA925003,3,925003,SRS16473509,SAMN32778032,simple,573,Klebsiella pneumoniae,MGL_135,,,,,,,no,,,,,TRANSLATIONAL HEALTH SCIENCE AND TECHNOLOGY INSTIT,SRA1575884,,public,2925B0192353CC496A1BAF651F6A84DD,04B1AE4FF6890217711F9DA7EA927300
SRR23106393,2023-10-13 09:04:21,2023-01-18 06:01:41,482984,268355429,482984,555,159,,https://sra-downloadb.be-md.ncbi.nlm.nih.gov/sos9/sra-pub-zq-922/SRR023/23106/SRR23106393/SRR23106393.lite.1,SRX19057615,C1_R12,WGS,PCR,GENOMIC,PAIRED,0,0,ILLUMINA,Illumina MiSeq,SRP418019,PRJNA925003,3,925003,SRS16473510,SAMN32778033,simple,562,Escherichia coli,MGL_136,,,,,,,no,,,,,TRANSLATIONAL HEALTH SCIENCE AND TECHNOLOGY INSTIT,SRA1575884,,public,34D1B65A234E22BB57F6E3ADD6F5B664,F587CB9DD03BED805176368F56402BD0
SRR23106392,2023-10-13 09:04:21,2023-01-18 06:01:51,484703,271384394,484703,559,165,,https://sra-downloadb.be-md.ncbi.nlm.nih.gov/sos9/sra-pub-zq-922/SRR023/23106/SRR23106392/SRR23106392.lite.1,SRX19057616,E1_R12,WGS,PCR,GENOMIC,PAIRED,0,0,ILLUMINA,Illumina MiSeq,SRP418019,PRJNA925003,3,925003,SRS16473511,SAMN32778034,simple,287,Pseudomonas aeruginosa,MGL_139,,,,,,,no,,,,,TRANSLATIONAL HEALTH SCIENCE AND TECHNOLOGY INSTIT,SRA1575884,,public,B77462556080687566353BB72AF92CAF,00A1D1439458369027248F1706B13B44
SRR23106391,2023-10-13 09:04:21,2023-01-18 06:01:27,528984,297141358,528984,561,178,,https://sra-downloadb.be-md.ncbi.nlm.nih.gov/sos9/sra-pub-zq-922/SRR023/23106/SRR23106391/SRR23106391.lite.1,SRX19057617,F1_R12,WGS,PCR,GENOMIC,PAIRED,0,0,ILLUMINA,Illumina MiSeq,SRP418019,PRJNA925003,3,925003,SRS16473512,SAMN32778035,simple,287,Pseudomonas aeruginosa,MGL_140,,,,,,,no,,,,,TRANSLATIONAL HEALTH SCIENCE AND TECHNOLOGY INSTIT,SRA1575884,,public,13EA89116399378A7B99B93742940B20,CA79960211B90B220758B93D08161A3F
SRR23106389,2023-10-13 09:04:22,2023-01-18 06:01:49,574190,319383558,574190,556,190,,https://sra-downloadb.be-md.ncbi.nlm.nih.gov/sos9/sra-pub-zq-922/SRR023/23106/SRR23106389/SRR23106389.lite.1,SRX19057619,G1_R12,WGS,PCR,GENOMIC,PAIRED,0,0,ILLUMINA,Illumina MiSeq,SRP418019,PRJNA925003,3,925003,SRS16473514,SAMN32778036,simple,287,Pseudomonas aeruginosa,MGL_141,,,,,,,no,,,,,TRANSLATIONAL HEALTH SCIENCE AND TECHNOLOGY INSTIT,SRA1575884,,public,18E1FBAB8AE18A6817CCDE54D093906F,6E6129AC4DB28E35DC93B068C08509B3
SRR23106388,2023-10-13 09:04:22,2023-01-18 06:01:28,491125,279536311,491125,569,171,,https://sra-downloadb.be-md.ncbi.nlm.nih.gov/sos9/sra-pub-zq-922/SRR023/23106/SRR23106388/SRR23106388.lite.1,SRX19057620,H1_R12,WGS,PCR,GENOMIC,PAIRED,0,0,ILLUMINA,Illumina MiSeq,SRP418019,PRJNA925003,3,925003,SRS16473515,SAMN32778037,simple,287,Pseudomonas aeruginosa,MGL_142,,,,,,,no,,,,,TRANSLATIONAL HEALTH SCIENCE AND TECHNOLOGY INSTIT,SRA1575884,,public,61072925BD39046804EA1FDC7FD0B86E,AB683DE85BDFCED67F0187A1B4480934
SRR23106387,2023-10-13 09:04:22,2023-01-18 06:01:40,536626,277391646,536626,516,163,,https://sra-downloadb.be-md.ncbi.nlm.nih.gov/sos9/sra-pub-zq-922/SRR023/23106/SRR23106387/SRR23106387.lite.1,SRX19057621,A2_R12,WGS,PCR,GENOMIC,PAIRED,0,0,ILLUMINA,Illumina MiSeq,SRP418019,PRJNA925003,3,925003,SRS16473516,SAMN32778038,simple,287,Pseudomonas aeruginosa,MGL_143,,,,,,,no,,,,,TRANSLATIONAL HEALTH SCIENCE AND TECHNOLOGY INSTIT,SRA1575884,,public,AD98F5FC8601FB43DB00AF188457C804,DC82DED57C2F15047827CF6AE643FFAA
SRR23106386,2023-10-13 09:04:22,2023-01-18 06:01:27,579835,290941718,579835,501,172,,https://sra-downloadb.be-md.ncbi.nlm.nih.gov/sos9/sra-pub-zq-922/SRR023/23106/SRR23106386/SRR23106386.lite.1,SRX19057622,B2_R12,WGS,PCR,GENOMIC,PAIRED,0,0,ILLUMINA,Illumina MiSeq,SRP418019,PRJNA925003,3,925003,SRS16473517,SAMN32778039,simple,287,Pseudomonas aeruginosa,MGL_144,,,,,,,no,,,,,TRANSLATIONAL HEALTH SCIENCE AND TECHNOLOGY INSTIT,SRA1575884,,public,8EBBE18A2B4993A5B2580381CB2ABD30,0A7DE11CC4F4D89EAB835924193C04F5
SRR23106385,2023-10-13 09:04:22,2023-01-18 06:01:39,488146,259690230,488146,531,155,,https://sra-downloadb.be-md.ncbi.nlm.nih.gov/sos9/sra-pub-zq-922/SRR023/23106/SRR23106385/SRR23106385.lite.1,SRX19057623,C2_R12,WGS,PCR,GENOMIC,PAIRED,0,0,ILLUMINA,Illumina MiSeq,SRP418019,PRJNA925003,3,925003,SRS16473518,SAMN32778040,simple,287,Pseudomonas aeruginosa,MGL_146,,,,,,,no,,,,,TRANSLATIONAL HEALTH SCIENCE AND TECHNOLOGY INSTIT,SRA1575884,,public,CC71E762EC5247D0047165DE4F40979B,8678594D4A94372E88287EF0D90F8B78
SRR23106384,2023-10-13 09:04:22,2023-01-18 06:01:29,476810,257707639,476810,540,152,,https://sra-downloadb.be-md.ncbi.nlm.nih.gov/sos9/sra-pub-zq-922/SRR023/23106/SRR23106384/SRR23106384.lite.1,SRX19057624,D2_R12,WGS,PCR,GENOMIC,PAIRED,0,0,ILLUMINA,Illumina MiSeq,SRP418019,PRJNA925003,3,925003,SRS16473519,SAMN32778041,simple,287,Pseudomonas aeruginosa,MGL_147,,,,,,,no,,,,,TRANSLATIONAL HEALTH SCIENCE AND TECHNOLOGY INSTIT,SRA1575884,,public,DA90691D1B744C55D311FEF1D5DB3167,7031B7016A2456DD8CA1D9800D5AA73E
SRR23106383,2023-10-13 09:04:22,2023-01-18 06:01:31,466649,255168579,466649,546,153,,https://sra-downloadb.be-md.ncbi.nlm.nih.gov/sos9/sra-pub-zq-922/SRR023/23106/SRR23106383/SRR23106383.lite.1,SRX19057625,E2_R12,WGS,PCR,GENOMIC,PAIRED,0,0,ILLUMINA,Illumina MiSeq,SRP418019,PRJNA925003,3,925003,SRS16473520,SAMN32778042,simple,287,Pseudomonas aeruginosa,MGL_148,,,,,,,no,,,,,TRANSLATIONAL HEALTH SCIENCE AND TECHNOLOGY INSTIT,SRA1575884,,public,391ECF1F1E9257D45AD2A563AD923FD2,157B1D7EB86D6BC7E5B283FCC60DB2AC
SRR23106382,2023-10-13 09:04:22,2023-01-18 06:01:35,434765,226049756,434765,519,130,,https://sra-downloadb.be-md.ncbi.nlm.nih.gov/sos9/sra-pub-zq-922/SRR023/23106/SRR23106382/SRR23106382.lite.1,SRX19057626,G2_R12,WGS,PCR,GENOMIC,PAIRED,0,0,ILLUMINA,Illumina MiSeq,SRP418019,PRJNA925003,3,925003,SRS16473521,SAMN32778043,simple,562,Escherichia coli,MGL_150,,,,,,,no,,,,,TRANSLATIONAL HEALTH SCIENCE AND TECHNOLOGY INSTIT,SRA1575884,,public,413578426B711280326FD26E8BD70FEB,7DFBE7AB4D5CBB80CE2BAA2DB101B0AB
SRR23106381,2023-10-13 09:04:22,2023-01-18 06:01:43,525786,272880686,525786,518,157,,https://sra-downloadb.be-md.ncbi.nlm.nih.gov/sos9/sra-pub-zq-922/SRR023/23106/SRR23106381/SRR23106381.lite.1,SRX19057627,H2_R12,WGS,PCR,GENOMIC,PAIRED,0,0,ILLUMINA,Illumina MiSeq,SRP418019,PRJNA925003,3,925003,SRS16473522,SAMN32778044,simple,573,Klebsiella pneumoniae,MGL_152,,,,,,,no,,,,,TRANSLATIONAL HEALTH SCIENCE AND TECHNOLOGY INSTIT,SRA1575884,,public,F14597D9764A3BE960E34553C83D9BAF,2FDBC4D88C380CE0173C0B2A3F1EA73E
SRR23106380,2023-10-13 09:04:22,2023-01-18 06:01:35,378876,209335741,378876,552,123,,https://sra-downloadb.be-md.ncbi.nlm.nih.gov/sos9/sra-pub-zq-922/SRR023/23106/SRR23106380/SRR23106380.lite.1,SRX19057628,A3_R12,WGS,PCR,GENOMIC,PAIRED,0,0,ILLUMINA,Illumina MiSeq,SRP418019,PRJNA925003,3,925003,SRS16473523,SAMN32778045,simple,562,Escherichia coli,MGL_153,,,,,,,no,,,,,TRANSLATIONAL HEALTH SCIENCE AND TECHNOLOGY INSTIT,SRA1575884,,public,31EBE8BD6570D116EAB26F16C583FE42,62DA92CEC3EE37B26CBA852EEE8752C6
SRR23106330,2023-10-13 09:04:22,2023-01-18 06:01:41,436492,237134698,436492,543,130,,https://sra-downloadb.be-md.ncbi.nlm.nih.gov/sos9/sra-pub-zq-922/SRR023/23106/SRR23106330/SRR23106330.lite.1,SRX19057678,B3_R12,WGS,PCR,GENOMIC,PAIRED,0,0,ILLUMINA,Illumina MiSeq,SRP418019,PRJNA925003,3,925003,SRS16473573,SAMN32778046,simple,470,Acinetobacter baumannii,MGL_154,,,,,,,no,,,,,TRANSLATIONAL HEALTH SCIENCE AND TECHNOLOGY INSTIT,SRA1575884,,public,DA4FD9347BE2B4AF929118570E83127E,E3B24DFCB2596CA0D81D126B3ACA66BC
SRR23106329,2023-10-13 09:04:22,2023-01-18 06:01:30,460696,248531001,460696,539,143,,https://sra-downloadb.be-md.ncbi.nlm.nih.gov/sos9/sra-pub-zq-922/SRR023/23106/SRR23106329/SRR23106329.lite.1,SRX19057679,C3_R12,WGS,PCR,GENOMIC,PAIRED,0,0,ILLUMINA,Illumina MiSeq,SRP418019,PRJNA925003,3,925003,SRS16473574,SAMN32778047,simple,562,Escherichia coli,MGL_1550,,,,,,,no,,,,,TRANSLATIONAL HEALTH SCIENCE AND TECHNOLOGY INSTIT,SRA1575884,,public,2F8A41E685EC4289D6D90D9E2C22AAAA,F5AE56615816F273D258E1AE4527EE0F
SRR23106328,2023-10-13 09:04:22,2023-01-18 06:01:34,483672,260350795,483672,538,146,,https://sra-downloadb.be-md.ncbi.nlm.nih.gov/sos9/sra-pub-zq-922/SRR023/23106/SRR23106328/SRR23106328.lite.1,SRX19057680,D3_R12,WGS,PCR,GENOMIC,PAIRED,0,0,ILLUMINA,Illumina MiSeq,SRP418019,PRJNA925003,3,925003,SRS16473575,SAMN32778048,simple,562,Escherichia coli,MGL_1560,,,,,,,no,,,,,TRANSLATIONAL HEALTH SCIENCE AND TECHNOLOGY INSTIT,SRA1575884,,public,F96316288D0F14F0B7621E09059936FD,5C3F90AB1B7BCEE16A3387E1C85AEBE7
SRR23106327,2023-10-13 09:04:22,2023-01-18 06:01:26,506933,279855066,506933,552,168,,https://sra-downloadb.be-md.ncbi.nlm.nih.gov/sos9/sra-pub-zq-922/SRR023/23106/SRR23106327/SRR23106327.lite.1,SRX19057681,F3_R12,WGS,PCR,GENOMIC,PAIRED,0,0,ILLUMINA,Illumina MiSeq,SRP418019,PRJNA925003,3,925003,SRS16473576,SAMN32778049,simple,287,Pseudomonas aeruginosa,MGL_1590,,,,,,,no,,,,,TRANSLATIONAL HEALTH SCIENCE AND TECHNOLOGY INSTIT,SRA1575884,,public,222F16D90BFC7EC7B8440937E2539257,D0F2973D7F7B33B83357743FB6FA4970
SRR23106326,2023-10-13 09:04:22,2023-01-18 06:01:40,486181,266935531,486181,549,158,,https://sra-downloadb.be-md.ncbi.nlm.nih.gov/sos9/sra-pub-zq-922/SRR023/23106/SRR23106326/SRR23106326.lite.1,SRX19057682,H3_R12,WGS,PCR,GENOMIC,PAIRED,0,0,ILLUMINA,Illumina MiSeq,SRP418019,PRJNA925003,3,925003,SRS16473577,SAMN32778050,simple,287,Pseudomonas aeruginosa,MGL_1610,,,,,,,no,,,,,TRANSLATIONAL HEALTH SCIENCE AND TECHNOLOGY INSTIT,SRA1575884,,public,A2389C25F9012C04A57F11D328B05558,C8B7706178FFE4F83380C16D22403D99
SRR23106325,2023-10-13 09:04:22,2023-01-18 06:01:18,431269,231924768,431269,537,129,,https://sra-downloadb.be-md.ncbi.nlm.nih.gov/sos9/sra-pub-zq-922/SRR023/23106/SRR23106325/SRR23106325.lite.1,SRX19057683,A4_R12,WGS,PCR,GENOMIC,PAIRED,0,0,ILLUMINA,Illumina MiSeq,SRP418019,PRJNA925003,3,925003,SRS16473578,SAMN32778051,simple,470,Acinetobacter baumannii,MGL_165,,,,,,,no,,,,,TRANSLATIONAL HEALTH SCIENCE AND TECHNOLOGY INSTIT,SRA1575884,,public,7033A1D9FF62CA62E44983925B86FD44,B07D09AE95F1CE527979577132453DC2
SRR23106324,2023-10-13 09:04:22,2023-01-18 06:01:28,415626,206256286,415626,496,108,,https://sra-downloadb.be-md.ncbi.nlm.nih.gov/sos9/sra-pub-zq-922/SRR023/23106/SRR23106324/SRR23106324.lite.1,SRX19057684,B4_R12,WGS,PCR,GENOMIC,PAIRED,0,0,ILLUMINA,Illumina MiSeq,SRP418019,PRJNA925003,3,925003,SRS16473579,SAMN32778052,simple,470,Acinetobacter baumannii,MGL_166,,,,,,,no,,,,,TRANSLATIONAL HEALTH SCIENCE AND TECHNOLOGY INSTIT,SRA1575884,,public,35990FB28C4C6EEED71EF289B47FA5E4,D64A59A6DDC2D8CC791F769863FF309B
SRR23106323,2023-10-13 09:04:22,2023-01-18 06:01:49,496594,255752305,496594,515,144,,https://sra-downloadb.be-md.ncbi.nlm.nih.gov/sos9/sra-pub-zq-922/SRR023/23106/SRR23106323/SRR23106323.lite.1,SRX19057685,C4_R12,WGS,PCR,GENOMIC,PAIRED,0,0,ILLUMINA,Illumina MiSeq,SRP418019,PRJNA925003,3,925003,SRS16473580,SAMN32778053,simple,573,Klebsiella pneumoniae,MGL_167,,,,,,,no,,,,,TRANSLATIONAL HEALTH SCIENCE AND TECHNOLOGY INSTIT,SRA1575884,,public,41D915947A26003DBBF6841C80C2AA2C,85CAE3D8D044742B8991729E57CC52B4
SRR23106322,2023-10-13 09:04:22,2023-01-18 06:01:37,464393,238281869,464393,513,127,,https://sra-downloadb.be-md.ncbi.nlm.nih.gov/sos9/sra-pub-zq-922/SRR023/23106/SRR23106322/SRR23106322.lite.1,SRX19057686,D4_R12,WGS,PCR,GENOMIC,PAIRED,0,0,ILLUMINA,Illumina MiSeq,SRP418019,PRJNA925003,3,925003,SRS16473581,SAMN32778054,simple,470,Acinetobacter baumannii,MGL_168,,,,,,,no,,,,,TRANSLATIONAL HEALTH SCIENCE AND TECHNOLOGY INSTIT,SRA1575884,,public,87E3AA7A4776A75C76E10850B2DD3669,C63D842CD7F771523D55278E0C484A36
SRR23106321,2023-10-13 09:04:22,2023-01-18 06:01:38,491663,262368111,491663,533,152,,https://sra-downloadb.be-md.ncbi.nlm.nih.gov/sos9/sra-pub-zq-922/SRR023/23106/SRR23106321/SRR23106321.lite.1,SRX19057687,E4_R12,WGS,PCR,GENOMIC,PAIRED,0,0,ILLUMINA,Illumina MiSeq,SRP418019,PRJNA925003,3,925003,SRS16473582,SAMN32778055,simple,573,Klebsiella pneumoniae,MGL_169,,,,,,,no,,,,,TRANSLATIONAL HEALTH SCIENCE AND TECHNOLOGY INSTIT,SRA1575884,,public,269E3DF9151D4CBB2E735E4D50B8D262,BEE7A8526BCC7679559FDE734D150F72
SRR23106319,2023-10-13 09:04:22,2023-01-18 06:01:33,433410,238393198,433410,550,140,,https://sra-downloadb.be-md.ncbi.nlm.nih.gov/sos9/sra-pub-zq-922/SRR023/23106/SRR23106319/SRR23106319.lite.1,SRX19057689,F4_R12,WGS,PCR,GENOMIC,PAIRED,0,0,ILLUMINA,Illumina MiSeq,SRP418019,PRJNA925003,3,925003,SRS16473584,SAMN32778056,simple,573,Klebsiella pneumoniae,MGL_170,,,,,,,no,,,,,TRANSLATIONAL HEALTH SCIENCE AND TECHNOLOGY INSTIT,SRA1575884,,public,FD576F87DE0719FB4E331944B5F37887,B8E36E79F26EDB924245981CDD78C6B0
SRR23106318,2023-10-13 09:04:22,2023-01-18 06:01:36,452205,250262646,452205,553,148,,https://sra-downloadb.be-md.ncbi.nlm.nih.gov/sos9/sra-pub-zq-922/SRR023/23106/SRR23106318/SRR23106318.lite.1,SRX19057690,G4_R12,WGS,PCR,GENOMIC,PAIRED,0,0,ILLUMINA,Illumina MiSeq,SRP418019,PRJNA925003,3,925003,SRS16473586,SAMN32778057,simple,573,Klebsiella pneumoniae,MGL_171,,,,,,,no,,,,,TRANSLATIONAL HEALTH SCIENCE AND TECHNOLOGY INSTIT,SRA1575884,,public,0B8C8769EB16DF744FD8F937230B6DCE,94C81BEF2D46C671741EB4F0AA812298
SRR23106317,2023-10-13 09:04:22,2023-01-18 06:01:26,403768,215813067,403768,534,119,,https://sra-downloadb.be-md.ncbi.nlm.nih.gov/sos9/sra-pub-zq-922/SRR023/23106/SRR23106317/SRR23106317.lite.1,SRX19057691,H4_R12,WGS,PCR,GENOMIC,PAIRED,0,0,ILLUMINA,Illumina MiSeq,SRP418019,PRJNA925003,3,925003,SRS16473585,SAMN32778058,simple,470,Acinetobacter baumannii,MGL_172,,,,,,,no,,,,,TRANSLATIONAL HEALTH SCIENCE AND TECHNOLOGY INSTIT,SRA1575884,,public,0D2516763895211CFBBC7C9AF235EF87,1581AA0A5709AF5CE5C2B9EB30B27D99
SRR23106316,2023-10-13 09:04:22,2023-01-18 06:01:41,424482,233225057,424482,549,135,,https://sra-downloadb.be-md.ncbi.nlm.nih.gov/sos9/sra-pub-zq-922/SRR023/23106/SRR23106316/SRR23106316.lite.1,SRX19057692,A5_R12,WGS,PCR,GENOMIC,PAIRED,0,0,ILLUMINA,Illumina MiSeq,SRP418019,PRJNA925003,3,925003,SRS16473587,SAMN32778059,simple,573,Klebsiella pneumoniae,MGL_173,,,,,,,no,,,,,TRANSLATIONAL HEALTH SCIENCE AND TECHNOLOGY INSTIT,SRA1575884,,public,26BE07BF20AE99A3A37AE8C8D4D85045,AB9986EB5CB75C9AF8CD6CDA6A96DB02
SRR23106315,2023-10-13 09:04:22,2023-01-18 06:01:34,474248,260901026,474248,550,151,,https://sra-downloadb.be-md.ncbi.nlm.nih.gov/sos9/sra-pub-zq-922/SRR023/23106/SRR23106315/SRR23106315.lite.1,SRX19057693,B5_R12,WGS,PCR,GENOMIC,PAIRED,0,0,ILLUMINA,Illumina MiSeq,SRP418019,PRJNA925003,3,925003,SRS16473588,SAMN32778060,simple,573,Klebsiella pneumoniae,MGL_174,,,,,,,no,,,,,TRANSLATIONAL HEALTH SCIENCE AND TECHNOLOGY INSTIT,SRA1575884,,public,ECA45E03559BA189B36EEB99F3FD0C31,6506E00CCE9B399EB6C4295300372545
SRR23106314,2023-10-13 09:04:22,2023-01-18 06:01:34,417042,227265062,417042,544,123,,https://sra-downloadb.be-md.ncbi.nlm.nih.gov/sos9/sra-pub-zq-922/SRR023/23106/SRR23106314/SRR23106314.lite.1,SRX19057694,C5_R12,WGS,PCR,GENOMIC,PAIRED,0,0,ILLUMINA,Illumina MiSeq,SRP418019,PRJNA925003,3,925003,SRS16473589,SAMN32778061,simple,470,Acinetobacter baumannii,MGL_175,,,,,,,no,,,,,TRANSLATIONAL HEALTH SCIENCE AND TECHNOLOGY INSTIT,SRA1575884,,public,31557945392BCA90559D183BD4E1E23D,87B733281EED0097CBA2F50378C75E8B
SRR23106313,2023-10-13 09:04:22,2023-01-18 06:01:35,370677,204594256,370677,551,119,,https://sra-downloadb.be-md.ncbi.nlm.nih.gov/sos9/sra-pub-zq-922/SRR023/23106/SRR23106313/SRR23106313.lite.1,SRX19057695,D5_R12,WGS,PCR,GENOMIC,PAIRED,0,0,ILLUMINA,Illumina MiSeq,SRP418019,PRJNA925003,3,925003,SRS16473590,SAMN32778062,simple,470,Acinetobacter baumannii,MGL_176,,,,,,,no,,,,,TRANSLATIONAL HEALTH SCIENCE AND TECHNOLOGY INSTIT,SRA1575884,,public,56886DBA8753628DB8B85A08E188B979,B8AC4A3F7C4F8A3AD02ADB11826DB985
SRR23106312,2023-10-13 09:04:22,2023-01-18 06:01:33,372239,210425251,372239,565,125,,https://sra-downloadb.be-md.ncbi.nlm.nih.gov/sos9/sra-pub-zq-922/SRR023/23106/SRR23106312/SRR23106312.lite.1,SRX19057696,E5_R12,WGS,PCR,GENOMIC,PAIRED,0,0,ILLUMINA,Illumina MiSeq,SRP418019,PRJNA925003,3,925003,SRS16473591,SAMN32778063,simple,573,Klebsiella pneumoniae,MGL_177,,,,,,,no,,,,,TRANSLATIONAL HEALTH SCIENCE AND TECHNOLOGY INSTIT,SRA1575884,,public,E7FDED350A11A399C2CC5FB0EEEBCE1E,00E9FE1333555F6D22378BDCD6E0811E
SRR23106311,2023-10-13 09:04:22,2023-01-18 06:01:36,398439,222983105,398439,559,132,,https://sra-downloadb.be-md.ncbi.nlm.nih.gov/sos9/sra-pub-zq-922/SRR023/23106/SRR23106311/SRR23106311.lite.1,SRX19057697,F5_R12,WGS,PCR,GENOMIC,PAIRED,0,0,ILLUMINA,Illumina MiSeq,SRP418019,PRJNA925003,3,925003,SRS16473592,SAMN32778064,simple,573,Klebsiella pneumoniae,MGL_178,,,,,,,no,,,,,TRANSLATIONAL HEALTH SCIENCE AND TECHNOLOGY INSTIT,SRA1575884,,public,3A58AF2BD6CEEDB4F22DAE8B98361EA6,72C8622E7C8661215E3325F183A1D892
SRR23106310,2023-10-13 09:04:22,2023-01-18 06:01:31,453895,252539386,453895,556,142,,https://sra-downloadb.be-md.ncbi.nlm.nih.gov/sos9/sra-pub-zq-922/SRR023/23106/SRR23106310/SRR23106310.lite.1,SRX19057698,G5_R12,WGS,PCR,GENOMIC,PAIRED,0,0,ILLUMINA,Illumina MiSeq,SRP418019,PRJNA925003,3,925003,SRS16473593,SAMN32778065,simple,470,Acinetobacter baumannii,MGL_179,,,,,,,no,,,,,TRANSLATIONAL HEALTH SCIENCE AND TECHNOLOGY INSTIT,SRA1575884,,public,6252F3AF0CA7039E1F5CD3A84D5997FA,7272BC18605FEDA63D0A96B66BB5B105
SRR23106308,2023-10-13 09:04:22,2023-01-18 06:01:26,362781,205413067,362781,566,121,,https://sra-downloadb.be-md.ncbi.nlm.nih.gov/sos9/sra-pub-zq-922/SRR023/23106/SRR23106308/SRR23106308.lite.1,SRX19057700,H5_R12,WGS,PCR,GENOMIC,PAIRED,0,0,ILLUMINA,Illumina MiSeq,SRP418019,PRJNA925003,3,925003,SRS16473595,SAMN32778066,simple,470,Acinetobacter baumannii,MGL_180,,,,,,,no,,,,,TRANSLATIONAL HEALTH SCIENCE AND TECHNOLOGY INSTIT,SRA1575884,,public,910B332D3C8A3EF38A7F75D2A895770E,593390122BF46723DE9C682D26876471
SRR23106334,2023-10-13 09:04:22,2023-01-18 06:01:16,416376,211774153,416376,508,91,,https://sra-downloadb.be-md.ncbi.nlm.nih.gov/sos9/sra-pub-zq-922/SRR023/23106/SRR23106334/SRR23106334.lite.1,SRX19057674,A4_R8,WGS,PCR,GENOMIC,PAIRED,0,0,ILLUMINA,Illumina MiSeq,SRP418019,PRJNA925003,3,925003,SRS16473569,SAMN32777969,simple,106654,Acinetobacter nosocomialis,MGL_55,,,,,,,no,,,,,TRANSLATIONAL HEALTH SCIENCE AND TECHNOLOGY INSTIT,SRA1575884,,public,550C0B5E5B9C0B9560E9A5198614D03F,7060F398D997BE2D431830BE6AB50DAA
SRR23106333,2023-10-13 09:04:22,2023-01-18 06:01:13,310138,169896501,310138,547,87,,https://sra-downloadb.be-md.ncbi.nlm.nih.gov/sos9/sra-pub-zq-922/SRR023/23106/SRR23106333/SRR23106333.lite.1,SRX19057675,B4_R8,WGS,PCR,GENOMIC,PAIRED,0,0,ILLUMINA,Illumina MiSeq,SRP418019,PRJNA925003,3,925003,SRS16473570,SAMN32777970,simple,287,Pseudomonas aeruginosa,MGL_56,,,,,,,no,,,,,TRANSLATIONAL HEALTH SCIENCE AND TECHNOLOGY INSTIT,SRA1575884,,public,F558EBCDEC52FED76A0D66C3C603806E,48C13CC1C2BE34B08C09AD679CA12554
SRR23106332,2023-10-13 09:04:22,2023-01-18 06:01:22,355207,186238569,355207,524,89,,https://sra-downloadb.be-md.ncbi.nlm.nih.gov/sos9/sra-pub-zq-922/SRR023/23106/SRR23106332/SRR23106332.lite.1,SRX19057676,C4_R8,WGS,PCR,GENOMIC,PAIRED,0,0,ILLUMINA,Illumina MiSeq,SRP418019,PRJNA925003,3,925003,SRS16473571,SAMN32777971,simple,573,Klebsiella pneumoniae,MGL_57,,,,,,,no,,,,,TRANSLATIONAL HEALTH SCIENCE AND TECHNOLOGY INSTIT,SRA1575884,,public,1F071D45FE68BEC6E0C16F7D24B96DE2,86308D84854A02EA7FF7ECB7E987EA45
SRR23106248,2023-10-13 09:04:23,2023-01-18 06:01:05,365277,195643061,365277,535,95,,https://sra-downloadb.be-md.ncbi.nlm.nih.gov/sos9/sra-pub-zq-922/SRR023/23106/SRR23106248/SRR23106248.lite.1,SRX19057760,D4_R8,WGS,PCR,GENOMIC,PAIRED,0,0,ILLUMINA,Illumina MiSeq,SRP418019,PRJNA925003,3,925003,SRS16473655,SAMN32777972,simple,573,Klebsiella pneumoniae,MGL_58,,,,,,,no,,,,,TRANSLATIONAL HEALTH SCIENCE AND TECHNOLOGY INSTIT,SRA1575884,,public,45DCD699A512E86FDFA9060125C67D8C,FF0BC358C5780229FF54091C336CAE8A
SRR23106247,2023-10-13 09:04:23,2023-01-18 06:00:59,384056,189961748,384056,494,82,,https://sra-downloadb.be-md.ncbi.nlm.nih.gov/sos9/sra-pub-zq-922/SRR023/23106/SRR23106247/SRR23106247.lite.1,SRX19057761,E4_R8,WGS,PCR,GENOMIC,PAIRED,0,0,ILLUMINA,Illumina MiSeq,SRP418019,PRJNA925003,3,925003,SRS16473657,SAMN32777973,simple,470,Acinetobacter baumannii,MGL_59,,,,,,,no,,,,,TRANSLATIONAL HEALTH SCIENCE AND TECHNOLOGY INSTIT,SRA1575884,,public,611019A30C75C828DCEDDDA5C8AFD9E1,177B3429D4A6A3AAA6792AA09E82F6E1
SRR23106246,2023-10-13 09:04:23,2023-01-18 06:01:09,491948,245189825,491948,498,147,,https://sra-downloadb.be-md.ncbi.nlm.nih.gov/sos9/sra-pub-zq-922/SRR023/23106/SRR23106246/SRR23106246.lite.1,SRX19057762,F1_R9,WGS,PCR,GENOMIC,PAIRED,0,0,ILLUMINA,Illumina MiSeq,SRP418019,PRJNA925003,3,925003,SRS16473656,SAMN32777974,simple,287,Pseudomonas aeruginosa,MGL_60,,,,,,,no,,,,,TRANSLATIONAL HEALTH SCIENCE AND TECHNOLOGY INSTIT,SRA1575884,,public,C74EF33F117A16408A0DC1C754A48E32,B97B031BC5052EAF54AFD4E381DEB245
SRR23106234,2023-10-13 09:04:23,2023-01-18 06:01:34,1183583,542632380,1183583,458,291,,https://sra-downloadb.be-md.ncbi.nlm.nih.gov/sos9/sra-pub-zq-922/SRR023/23106/SRR23106234/SRR23106234.lite.1,SRX19057774,A1_R10,WGS,PCR,GENOMIC,PAIRED,0,0,ILLUMINA,Illumina MiSeq,SRP418019,PRJNA925003,3,925003,SRS16473669,SAMN32777985,simple,470,Acinetobacter baumannii,MGL_74,,,,,,,no,,,,,TRANSLATIONAL HEALTH SCIENCE AND TECHNOLOGY INSTIT,SRA1575884,,public,D029D3603DFFD1B78B77A7A84EB74D43,9677A3F24C136298CEDA011368DF9AF4
SRR23106232,2023-10-13 09:04:23,2023-01-18 06:01:15,281505,151898674,281505,539,76,,https://sra-downloadb.be-md.ncbi.nlm.nih.gov/sos9/sra-pub-zq-922/SRR023/23106/SRR23106232/SRR23106232.lite.1,SRX19057776,H5_R8,WGS,PCR,GENOMIC,PAIRED,0,0,ILLUMINA,Illumina MiSeq,SRP418019,PRJNA925003,3,925003,SRS16473671,SAMN32777986,simple,573,Klebsiella pneumoniae,MGL_75,,,,,,,no,,,,,TRANSLATIONAL HEALTH SCIENCE AND TECHNOLOGY INSTIT,SRA1575884,,public,BFCBBF76A42F948C754EC7DFD5612AE5,E2089540209A6EF47EA1AE9C3637AE6F
SRR23106231,2023-10-13 09:04:23,2023-01-18 06:01:33,492548,266581920,492548,541,157,,https://sra-downloadb.be-md.ncbi.nlm.nih.gov/sos9/sra-pub-zq-922/SRR023/23106/SRR23106231/SRR23106231.lite.1,SRX19057777,D1_R11,WGS,PCR,GENOMIC,PAIRED,0,0,ILLUMINA,Illumina MiSeq,SRP418019,PRJNA925003,3,925003,SRS16473672,SAMN32777987,simple,573,Klebsiella pneumoniae,MGL_76,,,,,,,no,,,,,TRANSLATIONAL HEALTH SCIENCE AND TECHNOLOGY INSTIT,SRA1575884,,public,B6A007D7009FC048BBC99C4F25ABE55B,3B2CE744D7D135BA4985EC69EC051CBE
SRR23106230,2023-10-13 09:04:23,2023-01-18 06:01:08,321128,163349849,321128,508,72,,https://sra-downloadb.be-md.ncbi.nlm.nih.gov/sos9/sra-pub-zq-922/SRR023/23106/SRR23106230/SRR23106230.lite.1,SRX19057778,A6_R8,WGS,PCR,GENOMIC,PAIRED,0,0,ILLUMINA,Illumina MiSeq,SRP418019,PRJNA925003,3,925003,SRS16473673,SAMN32777988,simple,470,Acinetobacter baumannii,MGL_77,,,,,,,no,,,,,TRANSLATIONAL HEALTH SCIENCE AND TECHNOLOGY INSTIT,SRA1575884,,public,6EAF413716A20B80734F02BE777FABE0,7414FF808A256D307922BEE70EF6913F
SRR23106229,2023-10-13 09:04:23,2023-01-18 06:01:08,484445,238791047,484445,492,128,,https://sra-downloadb.be-md.ncbi.nlm.nih.gov/sos9/sra-pub-zq-922/SRR023/23106/SRR23106229/SRR23106229.lite.1,SRX19057779,A2_R9,WGS,PCR,GENOMIC,PAIRED,0,0,ILLUMINA,Illumina MiSeq,SRP418019,PRJNA925003,3,925003,SRS16473674,SAMN32777989,simple,470,Acinetobacter baumannii,MGL_78,,,,,,,no,,,,,TRANSLATIONAL HEALTH SCIENCE AND TECHNOLOGY INSTIT,SRA1575884,,public,E7D1C384FD0B934DC64D51DCEA914BDA,BAAECBB6C35A0D43DFD6D25158AC9E96
SRR23106228,2023-10-13 09:04:23,2023-01-18 06:01:32,363530,190258154,363530,523,96,,https://sra-downloadb.be-md.ncbi.nlm.nih.gov/sos9/sra-pub-zq-922/SRR023/23106/SRR23106228/SRR23106228.lite.1,SRX19057780,B6_R8,WGS,PCR,GENOMIC,PAIRED,0,0,ILLUMINA,Illumina MiSeq,SRP418019,PRJNA925003,3,925003,SRS16473675,SAMN32777990,simple,573,Klebsiella pneumoniae,MGL_81,,,,,,,no,,,,,TRANSLATIONAL HEALTH SCIENCE AND TECHNOLOGY INSTIT,SRA1575884,,public,017FFBCFABE252431A110590412A55FC,AE278E57B250350B114779DF3AA2E3EE
SRR23106227,2023-10-13 09:04:23,2023-01-18 06:01:14,376849,190598968,376849,505,88,,https://sra-downloadb.be-md.ncbi.nlm.nih.gov/sos9/sra-pub-zq-922/SRR023/23106/SRR23106227/SRR23106227.lite.1,SRX19057781,C6_R8,WGS,PCR,GENOMIC,PAIRED,0,0,ILLUMINA,Illumina MiSeq,SRP418019,PRJNA925003,3,925003,SRS16473676,SAMN32777991,simple,562,Escherichia coli,MGL_82,,,,,,,no,,,,,TRANSLATIONAL HEALTH SCIENCE AND TECHNOLOGY INSTIT,SRA1575884,,public,A010C4B2770E54F946F31DC76D1AAE64,CEAD7D9441D09FE126450141FF08AFD6
SRR23106226,2023-10-13 09:04:23,2023-01-18 06:01:26,702624,360585479,702624,513,219,,https://sra-downloadb.be-md.ncbi.nlm.nih.gov/sos9/sra-pub-zq-922/SRR023/23106/SRR23106226/SRR23106226.lite.1,SRX19057782,C2_R10,WGS,PCR,GENOMIC,PAIRED,0,0,ILLUMINA,Illumina MiSeq,SRP418019,PRJNA925003,3,925003,SRS16473678,SAMN32777992,simple,573,Klebsiella pneumoniae,MGL_83,,,,,,,no,,,,,TRANSLATIONAL HEALTH SCIENCE AND TECHNOLOGY INSTIT,SRA1575884,,public,264991832951F03180DF0771BA0A36FC,63557D0A2FD3BF28CE82A0828C0064C1
SRR23106225,2023-10-13 09:04:23,2023-01-18 06:01:29,892340,428904394,892340,480,256,,https://sra-downloadb.be-md.ncbi.nlm.nih.gov/sos9/sra-pub-zq-922/SRR023/23106/SRR23106225/SRR23106225.lite.1,SRX19057783,B4_R10,WGS,PCR,GENOMIC,PAIRED,0,0,ILLUMINA,Illumina MiSeq,SRP418019,PRJNA925003,3,925003,SRS16473677,SAMN32777993,simple,573,Klebsiella pneumoniae,MGL_84,,,,,,,no,,,,,TRANSLATIONAL HEALTH SCIENCE AND TECHNOLOGY INSTIT,SRA1575884,,public,411FFF3184B7E53DBBFF537AF5F718AC,0BFFB87ABC39D589E05EB67DD1427180
SRR23106224,2023-10-13 09:04:23,2023-01-18 06:01:36,788407,385506364,788407,488,224,,https://sra-downloadb.be-md.ncbi.nlm.nih.gov/sos9/sra-pub-zq-922/SRR023/23106/SRR23106224/SRR23106224.lite.1,SRX19057784,B1_R10,WGS,PCR,GENOMIC,PAIRED,0,0,ILLUMINA,Illumina MiSeq,SRP418019,PRJNA925003,3,925003,SRS16473679,SAMN32777994,simple,562,Escherichia coli,MGL_86,,,,,,,no,,,,,TRANSLATIONAL HEALTH SCIENCE AND TECHNOLOGY INSTIT,SRA1575884,,public,A12C707FBA1BA13FB779EB64F17DBF53,346359E608E04D29402C4442395215FE
SRR23106223,2023-10-13 09:04:23,2023-01-18 06:01:17,818333,374846973,818333,458,213,,https://sra-downloadb.be-md.ncbi.nlm.nih.gov/sos9/sra-pub-zq-922/SRR023/23106/SRR23106223/SRR23106223.lite.1,SRX19057785,C1_R10,WGS,PCR,GENOMIC,PAIRED,0,0,ILLUMINA,Illumina MiSeq,SRP418019,PRJNA925003,3,925003,SRS16473680,SAMN32777995,simple,562,Escherichia coli,MGL_87,,,,,,,no,,,,,TRANSLATIONAL HEALTH SCIENCE AND TECHNOLOGY INSTIT,SRA1575884,,public,E965D177C16618E98CA970C973D73678,1C4BA9DB43B610BCA021F413D35B5A04
SRR23106221,2023-10-13 09:04:23,2023-01-18 06:01:12,330057,172031496,330057,521,83,,https://sra-downloadb.be-md.ncbi.nlm.nih.gov/sos9/sra-pub-zq-922/SRR023/23106/SRR23106221/SRR23106221.lite.1,SRX19057787,D6_R8,WGS,PCR,GENOMIC,PAIRED,0,0,ILLUMINA,Illumina MiSeq,SRP418019,PRJNA925003,3,925003,SRS16473682,SAMN32777996,simple,573,Klebsiella pneumoniae,MGL_88,,,,,,,no,,,,,TRANSLATIONAL HEALTH SCIENCE AND TECHNOLOGY INSTIT,SRA1575884,,public,3B2F45BD5D5756F61E1D1AE0C34D9127,2F234F969A35F8EC04636B469FDE2BE7
SRR23106220,2023-10-13 09:04:23,2023-01-18 06:01:12,329089,174459235,329089,530,85,,https://sra-downloadb.be-md.ncbi.nlm.nih.gov/sos9/sra-pub-zq-922/SRR023/23106/SRR23106220/SRR23106220.lite.1,SRX19057788,E6_R8,WGS,PCR,GENOMIC,PAIRED,0,0,ILLUMINA,Illumina MiSeq,SRP418019,PRJNA925003,3,925003,SRS16473683,SAMN32777997,simple,573,Klebsiella pneumoniae,MGL_89,,,,,,,no,,,,,TRANSLATIONAL HEALTH SCIENCE AND TECHNOLOGY INSTIT,SRA1575884,,public,FD2AE4EC0ADCC90E4D01D799FF53BFF8,E0BD6CF81E1C49884ED767C08BDBB5B1
SRR23106219,2023-10-13 09:04:23,2023-01-18 06:01:03,258360,136033632,258360,526,64,,https://sra-downloadb.be-md.ncbi.nlm.nih.gov/sos9/sra-pub-zq-922/SRR023/23106/SRR23106219/SRR23106219.lite.1,SRX19057789,F6_R8,WGS,PCR,GENOMIC,PAIRED,0,0,ILLUMINA,Illumina MiSeq,SRP418019,PRJNA925003,3,925003,SRS16473684,SAMN32777998,simple,562,Escherichia coli,MGL_90,,,,,,,no,,,,,TRANSLATIONAL HEALTH SCIENCE AND TECHNOLOGY INSTIT,SRA1575884,,public,632B0731037644990147C825C9A41878,3927B432B56A69575B510AF40329AE95
SRR23106218,2023-10-13 09:04:23,2023-01-18 06:01:42,942291,435070991,942291,461,246,,https://sra-downloadb.be-md.ncbi.nlm.nih.gov/sos9/sra-pub-zq-922/SRR023/23106/SRR23106218/SRR23106218.lite.1,SRX19057790,A4_R10,WGS,PCR,GENOMIC,PAIRED,0,0,ILLUMINA,Illumina MiSeq,SRP418019,PRJNA925003,3,925003,SRS16473685,SAMN32777999,simple,562,Escherichia coli,MGL_91,,,,,,,no,,,,,TRANSLATIONAL HEALTH SCIENCE AND TECHNOLOGY INSTIT,SRA1575884,,public,44D892B0533FE23EE5A0566B4F870425,CB40AC9DB16C6B9DDEBF3D789FE0DF95
SRR23106217,2023-10-13 09:04:23,2023-01-18 06:01:08,369970,197203889,369970,533,120,,https://sra-downloadb.be-md.ncbi.nlm.nih.gov/sos9/sra-pub-zq-922/SRR023/23106/SRR23106217/SRR23106217.lite.1,SRX19057791,B2_R9,WGS,PCR,GENOMIC,PAIRED,0,0,ILLUMINA,Illumina MiSeq,SRP418019,PRJNA925003,3,925003,SRS16473686,SAMN32778000,simple,287,Pseudomonas aeruginosa,MGL_94,,,,,,,no,,,,,TRANSLATIONAL HEALTH SCIENCE AND TECHNOLOGY INSTIT,SRA1575884,,public,F9F1E9B3D5714C3FF7CB21FF8339BE6E,ABD66A05C25E83F14CDF32E3C8AC54F7
SRR23106216,2023-10-13 09:04:23,2023-01-18 06:01:20,301577,158345180,301577,525,96,,https://sra-downloadb.be-md.ncbi.nlm.nih.gov/sos9/sra-pub-zq-922/SRR023/23106/SRR23106216/SRR23106216.lite.1,SRX19057792,C2_R9,WGS,PCR,GENOMIC,PAIRED,0,0,ILLUMINA,Illumina MiSeq,SRP418019,PRJNA925003,3,925003,SRS16473687,SAMN32778001,simple,287,Pseudomonas aeruginosa,MGL_95,,,,,,,no,,,,,TRANSLATIONAL HEALTH SCIENCE AND TECHNOLOGY INSTIT,SRA1575884,,public,8CA5D1CDCD4E2B17BF2E78E50A1B07BF,35EC07EFCC63C2FEB2813CA431C1D29D
SRR23106215,2023-10-13 09:04:23,2023-01-18 06:01:24,354238,184123140,354238,519,112,,https://sra-downloadb.be-md.ncbi.nlm.nih.gov/sos9/sra-pub-zq-922/SRR023/23106/SRR23106215/SRR23106215.lite.1,SRX19057793,D2_R9,WGS,PCR,GENOMIC,PAIRED,0,0,ILLUMINA,Illumina MiSeq,SRP418019,PRJNA925003,3,925003,SRS16473688,SAMN32778002,simple,287,Pseudomonas aeruginosa,MGL_96,,,,,,,no,,,,,TRANSLATIONAL HEALTH SCIENCE AND TECHNOLOGY INSTIT,SRA1575884,,public,BD00788E836E1122631CF5F6150C43AC,F9913B40F428A7B05E4800BD8473151C
SRR23106214,2023-10-13 09:04:23,2023-01-18 06:01:25,574553,289871931,574553,504,179,,https://sra-downloadb.be-md.ncbi.nlm.nih.gov/sos9/sra-pub-zq-922/SRR023/23106/SRR23106214/SRR23106214.lite.1,SRX19057794,D1_R10,WGS,PCR,GENOMIC,PAIRED,0,0,ILLUMINA,Illumina MiSeq,SRP418019,PRJNA925003,3,925003,SRS16473689,SAMN32778003,simple,287,Pseudomonas aeruginosa,MGL_97,,,,,,,no,,,,,TRANSLATIONAL HEALTH SCIENCE AND TECHNOLOGY INSTIT,SRA1575884,,public,31A36631A028CF2567CD1C0A18706460,0A551E0CF7856E0E254FC2A569FFB4AB
SRR23106213,2023-10-13 09:04:23,2023-01-18 06:01:26,449579,225777388,449579,502,135,,https://sra-downloadb.be-md.ncbi.nlm.nih.gov/sos9/sra-pub-zq-922/SRR023/23106/SRR23106213/SRR23106213.lite.1,SRX19057795,E2_R9,WGS,PCR,GENOMIC,PAIRED,0,0,ILLUMINA,Illumina MiSeq,SRP418019,PRJNA925003,3,925003,SRS16473690,SAMN32778004,simple,287,Pseudomonas aeruginosa,MGL_99,,,,,,,no,,,,,TRANSLATIONAL HEALTH SCIENCE AND TECHNOLOGY INSTIT,SRA1575884,,public,3797046D202CCE205DE992B5155A4793,4F27394615596F824F9908A83031A8FB
SRR23106375,2023-10-13 09:04:22,2023-01-18 06:01:24,454992,258538401,454992,568,147,,https://sra-downloadb.be-md.ncbi.nlm.nih.gov/sos9/sra-pub-zq-922/SRR023/23106/SRR23106375/SRR23106375.lite.1,SRX19057633,A1_R18,WGS,PCR,GENOMIC,PAIRED,0,0,ILLUMINA,Illumina MiSeq,SRP418019,PRJNA925003,3,925003,SRS16473528,SAMN32778071,simple,470,Acinetobacter baumannii,MGL_Ab_1,,,,,,,no,,,,,TRANSLATIONAL HEALTH SCIENCE AND TECHNOLOGY INSTIT,SRA1575884,,public,02936AC4D79A71FDB68103326C12E7A5,E54ABDE8EC48063D9EE4395524D27C4D
SRR23106365,2023-10-13 09:04:22,2023-01-18 06:01:43,559265,303735357,559265,543,169,,https://sra-downloadb.be-md.ncbi.nlm.nih.gov/sos9/sra-pub-zq-922/SRR023/23106/SRR23106365/SRR23106365.lite.1,SRX19057643,B2_R18,WGS,PCR,GENOMIC,PAIRED,0,0,ILLUMINA,Illumina MiSeq,SRP418019,PRJNA925003,3,925003,SRS16473538,SAMN32778080,simple,470,Acinetobacter baumannii,MGL_Ab_10,,,,,,,no,,,,,TRANSLATIONAL HEALTH SCIENCE AND TECHNOLOGY INSTIT,SRA1575884,,public,5A97322CC56BC8AF35C17959E7568A44,2AD8F3398E1DA6DDF83B18D44AFA8721
SRR23106364,2023-10-13 09:04:22,2023-01-18 06:01:26,470549,259842420,470549,552,146,,https://sra-downloadb.be-md.ncbi.nlm.nih.gov/sos9/sra-pub-zq-922/SRR023/23106/SRR23106364/SRR23106364.lite.1,SRX19057644,C2_R18,WGS,PCR,GENOMIC,PAIRED,0,0,ILLUMINA,Illumina MiSeq,SRP418019,PRJNA925003,3,925003,SRS16473539,SAMN32778081,simple,470,Acinetobacter baumannii,MGL_Ab_11,,,,,,,no,,,,,TRANSLATIONAL HEALTH SCIENCE AND TECHNOLOGY INSTIT,SRA1575884,,public,686CE7FEA870E738DC776198D8EE7945,2329BB0509ED5EFB822D0D440EDDD298
SRR23106363,2023-10-13 09:04:22,2023-01-18 06:01:43,599552,333287924,599552,555,181,,https://sra-downloadb.be-md.ncbi.nlm.nih.gov/sos9/sra-pub-zq-922/SRR023/23106/SRR23106363/SRR23106363.lite.1,SRX19057645,D2_R18,WGS,PCR,GENOMIC,PAIRED,0,0,ILLUMINA,Illumina MiSeq,SRP418019,PRJNA925003,3,925003,SRS16473540,SAMN32778082,simple,470,Acinetobacter baumannii,MGL_Ab_12,,,,,,,no,,,,,TRANSLATIONAL HEALTH SCIENCE AND TECHNOLOGY INSTIT,SRA1575884,,public,5DAF726253FC6C659BC9DA0AA85B8FB4,0E6D9EB9D61F966A9BB25C632BA05FEA
SRR23106362,2023-10-13 09:04:22,2023-01-18 06:01:38,514259,285168006,514259,554,166,,https://sra-downloadb.be-md.ncbi.nlm.nih.gov/sos9/sra-pub-zq-922/SRR023/23106/SRR23106362/SRR23106362.lite.1,SRX19057646,E2_R18,WGS,PCR,GENOMIC,PAIRED,0,0,ILLUMINA,Illumina MiSeq,SRP418019,PRJNA925003,3,925003,SRS16473541,SAMN32778083,simple,470,Acinetobacter baumannii,MGL_Ab_13,,,,,,,no,,,,,TRANSLATIONAL HEALTH SCIENCE AND TECHNOLOGY INSTIT,SRA1575884,,public,BF940FFFE6492010369FF9E8D7960E81,DFA718400508E6BB40796CE320DD0761
SRR23106361,2023-10-13 09:04:22,2023-01-18 06:01:22,361880,204637995,361880,565,114,,https://sra-downloadb.be-md.ncbi.nlm.nih.gov/sos9/sra-pub-zq-922/SRR023/23106/SRR23106361/SRR23106361.lite.1,SRX19057647,F2_R18,WGS,PCR,GENOMIC,PAIRED,0,0,ILLUMINA,Illumina MiSeq,SRP418019,PRJNA925003,3,925003,SRS16473542,SAMN32778084,simple,470,Acinetobacter baumannii,MGL_Ab_14,,,,,,,no,,,,,TRANSLATIONAL HEALTH SCIENCE AND TECHNOLOGY INSTIT,SRA1575884,,public,557AD57649468CB82962FA2E31B96026,105BA526D1E606E37D69427B6CBD5FBA
SRR23106360,2023-10-13 09:04:22,2023-01-18 06:01:46,464255,257662939,464255,555,146,,https://sra-downloadb.be-md.ncbi.nlm.nih.gov/sos9/sra-pub-zq-922/SRR023/23106/SRR23106360/SRR23106360.lite.1,SRX19057648,G2_R18,WGS,PCR,GENOMIC,PAIRED,0,0,ILLUMINA,Illumina MiSeq,SRP418019,PRJNA925003,3,925003,SRS16473543,SAMN32778085,simple,470,Acinetobacter baumannii,MGL_Ab_15,,,,,,,no,,,,,TRANSLATIONAL HEALTH SCIENCE AND TECHNOLOGY INSTIT,SRA1575884,,public,EE9C52A23A1ABD41689CDC56AD55FD8F,DB5F3AE2CF9F58EDAD88B150C89878ED
SRR23106374,2023-10-13 09:04:22,2023-01-18 06:01:41,424092,237796332,424092,560,134,,https://sra-downloadb.be-md.ncbi.nlm.nih.gov/sos9/sra-pub-zq-922/SRR023/23106/SRR23106374/SRR23106374.lite.1,SRX19057634,B1_R18,WGS,PCR,GENOMIC,PAIRED,0,0,ILLUMINA,Illumina MiSeq,SRP418019,PRJNA925003,3,925003,SRS16473529,SAMN32778072,simple,470,Acinetobacter baumannii,MGL_Ab_2,,,,,,,no,,,,,TRANSLATIONAL HEALTH SCIENCE AND TECHNOLOGY INSTIT,SRA1575884,,public,9371E4591C5ACA325FB598A71DE7754C,975735F7E86B2B6C3659FB0BB21582F8
SRR23106373,2023-10-13 09:04:22,2023-01-18 06:01:45,505527,282664111,505527,559,162,,https://sra-downloadb.be-md.ncbi.nlm.nih.gov/sos9/sra-pub-zq-922/SRR023/23106/SRR23106373/SRR23106373.lite.1,SRX19057635,C1_R18,WGS,PCR,GENOMIC,PAIRED,0,0,ILLUMINA,Illumina MiSeq,SRP418019,PRJNA925003,3,925003,SRS16473530,SAMN32778073,simple,470,Acinetobacter baumannii,MGL_Ab_3,,,,,,,no,,,,,TRANSLATIONAL HEALTH SCIENCE AND TECHNOLOGY INSTIT,SRA1575884,,public,60AE83AA83A41E2C369E77313CB3DC9E,7093BA31228F4BF1F4AC3A45503D3F1B
SRR23106372,2023-10-13 09:04:22,2023-01-18 06:01:30,445655,249840187,445655,560,138,,https://sra-downloadb.be-md.ncbi.nlm.nih.gov/sos9/sra-pub-zq-922/SRR023/23106/SRR23106372/SRR23106372.lite.1,SRX19057636,D1_R18,WGS,PCR,GENOMIC,PAIRED,0,0,ILLUMINA,Illumina MiSeq,SRP418019,PRJNA925003,3,925003,SRS16473531,SAMN32778074,simple,470,Acinetobacter baumannii,MGL_Ab_4,,,,,,,no,,,,,TRANSLATIONAL HEALTH SCIENCE AND TECHNOLOGY INSTIT,SRA1575884,,public,369E7CB006E8F292775F765553E5221F,0639DF76D37D6D3FC71BD5F0C93F55D8
SRR23106371,2023-10-13 09:04:22,2023-01-18 06:01:22,434740,245049339,434740,563,140,,https://sra-downloadb.be-md.ncbi.nlm.nih.gov/sos9/sra-pub-zq-922/SRR023/23106/SRR23106371/SRR23106371.lite.1,SRX19057637,E1_R18,WGS,PCR,GENOMIC,PAIRED,0,0,ILLUMINA,Illumina MiSeq,SRP418019,PRJNA925003,3,925003,SRS16473532,SAMN32778075,simple,470,Acinetobacter baumannii,MGL_Ab_5,,,,,,,no,,,,,TRANSLATIONAL HEALTH SCIENCE AND TECHNOLOGY INSTIT,SRA1575884,,public,DE7A269366E1D27C2D621F62E3D886F3,2C5DB651A9290EC4B3FBC345DB2A92D8
SRR23106369,2023-10-13 09:04:22,2023-01-18 06:01:33,461575,258307489,461575,559,144,,https://sra-downloadb.be-md.ncbi.nlm.nih.gov/sos9/sra-pub-zq-922/SRR023/23106/SRR23106369/SRR23106369.lite.1,SRX19057639,F1_R18,WGS,PCR,GENOMIC,PAIRED,0,0,ILLUMINA,Illumina MiSeq,SRP418019,PRJNA925003,3,925003,SRS16473534,SAMN32778076,simple,470,Acinetobacter baumannii,MGL_Ab_6,,,,,,,no,,,,,TRANSLATIONAL HEALTH SCIENCE AND TECHNOLOGY INSTIT,SRA1575884,,public,D88099CADB7C75222DED855D64255EC6,8CC1DDB70849C4656861192B30B33A45
SRR23106368,2023-10-13 09:04:22,2023-01-18 06:01:32,529403,295256138,529403,557,163,,https://sra-downloadb.be-md.ncbi.nlm.nih.gov/sos9/sra-pub-zq-922/SRR023/23106/SRR23106368/SRR23106368.lite.1,SRX19057640,G1_R18,WGS,PCR,GENOMIC,PAIRED,0,0,ILLUMINA,Illumina MiSeq,SRP418019,PRJNA925003,3,925003,SRS16473535,SAMN32778077,simple,470,Acinetobacter baumannii,MGL_Ab_7,,,,,,,no,,,,,TRANSLATIONAL HEALTH SCIENCE AND TECHNOLOGY INSTIT,SRA1575884,,public,5955BA197D66A028ECFBBC688FD40D4D,77A152F13E929FD3BDAFC291DD5BD8A4
SRR23106367,2023-10-13 09:04:22,2023-01-18 06:01:36,406297,227164066,406297,559,127,,https://sra-downloadb.be-md.ncbi.nlm.nih.gov/sos9/sra-pub-zq-922/SRR023/23106/SRR23106367/SRR23106367.lite.1,SRX19057641,H1_R18,WGS,PCR,GENOMIC,PAIRED,0,0,ILLUMINA,Illumina MiSeq,SRP418019,PRJNA925003,3,925003,SRS16473536,SAMN32778078,simple,470,Acinetobacter baumannii,MGL_Ab_8,,,,,,,no,,,,,TRANSLATIONAL HEALTH SCIENCE AND TECHNOLOGY INSTIT,SRA1575884,,public,3B63907EB2C96540EEAC8B4457D2BAA5,DFA9FDB31FC038DA24C3C84E335A23A8
SRR23106366,2023-10-13 09:04:22,2023-01-18 06:01:26,494497,266870644,494497,539,146,,https://sra-downloadb.be-md.ncbi.nlm.nih.gov/sos9/sra-pub-zq-922/SRR023/23106/SRR23106366/SRR23106366.lite.1,SRX19057642,A2_R18,WGS,PCR,GENOMIC,PAIRED,0,0,ILLUMINA,Illumina MiSeq,SRP418019,PRJNA925003,3,925003,SRS16473537,SAMN32778079,simple,470,Acinetobacter baumannii,MGL_Ab_9,,,,,,,no,,,,,TRANSLATIONAL HEALTH SCIENCE AND TECHNOLOGY INSTIT,SRA1575884,,public,E929A21644B65D214AB335F70EFF6492,29E163BE079E101E8E19E2F795C997FC
SRR23106358,2023-10-13 09:04:22,2023-01-18 06:01:41,622713,329137685,622713,528,191,,https://sra-downloadb.be-md.ncbi.nlm.nih.gov/sos9/sra-pub-zq-922/SRR023/23106/SRR23106358/SRR23106358.lite.1,SRX19057650,H2_R18,WGS,PCR,GENOMIC,PAIRED,0,0,ILLUMINA,Illumina MiSeq,SRP418019,PRJNA925003,3,925003,SRS16473545,SAMN32778086,simple,573,Klebsiella pneumoniae,MGL_K_1,,,,,,,no,,,,,TRANSLATIONAL HEALTH SCIENCE AND TECHNOLOGY INSTIT,SRA1575884,,public,27BF6D98B4E82B12B43D92FA29D64BCC,EB66F1C6BD60FCFA10C69E3306801418
SRR23106266,2023-10-13 09:04:22,2023-01-18 06:01:41,586230,322685838,586230,550,192,,https://sra-downloadb.be-md.ncbi.nlm.nih.gov/sos9/sra-pub-zq-922/SRR023/23106/SRR23106266/SRR23106266.lite.1,SRX19057742,A4_R18,WGS,PCR,GENOMIC,PAIRED,0,0,ILLUMINA,Illumina MiSeq,SRP418019,PRJNA925003,3,925003,SRS16473638,SAMN32778095,simple,573,Klebsiella pneumoniae,MGL_K_10,,,,,,,no,,,,,TRANSLATIONAL HEALTH SCIENCE AND TECHNOLOGY INSTIT,SRA1575884,,public,269A0E9A5170E902EA7C5D6B54579A22,38E70F17F6BA5A2D93E6AEF4093EAE23
SRR23106264,2023-10-13 09:04:23,2023-01-18 06:01:45,468930,260758802,468930,556,154,,https://sra-downloadb.be-md.ncbi.nlm.nih.gov/sos9/sra-pub-zq-922/SRR023/23106/SRR23106264/SRR23106264.lite.1,SRX19057744,B4_R18,WGS,PCR,GENOMIC,PAIRED,0,0,ILLUMINA,Illumina MiSeq,SRP418019,PRJNA925003,3,925003,SRS16473639,SAMN32778096,simple,158836,Enterobacter hormaechei,MGL_K_11,,,,,,,no,,,,,TRANSLATIONAL HEALTH SCIENCE AND TECHNOLOGY INSTIT,SRA1575884,,public,568DDE916269025D8D2FBE6214C4F7F0,5B03AD23ACBEAAF9ECA7DC2632803CBC
SRR23106263,2023-10-13 09:04:23,2023-01-18 06:01:32,588505,318235665,588505,540,184,,https://sra-downloadb.be-md.ncbi.nlm.nih.gov/sos9/sra-pub-zq-922/SRR023/23106/SRR23106263/SRR23106263.lite.1,SRX19057745,C4_R18,WGS,PCR,GENOMIC,PAIRED,0,0,ILLUMINA,Illumina MiSeq,SRP418019,PRJNA925003,3,925003,SRS16473640,SAMN32778097,simple,573,Klebsiella pneumoniae,MGL_K_12,,,,,,,no,,,,,TRANSLATIONAL HEALTH SCIENCE AND TECHNOLOGY INSTIT,SRA1575884,,public,595001CF3FB42122996FF83AB8C09C53,D2A13271C9A94F40319EA641CA5D475B
SRR23106262,2023-10-13 09:04:23,2023-01-18 06:01:08,574498,314297693,574498,547,183,,https://sra-downloadb.be-md.ncbi.nlm.nih.gov/sos9/sra-pub-zq-922/SRR023/23106/SRR23106262/SRR23106262.lite.1,SRX19057746,D4_R18,WGS,PCR,GENOMIC,PAIRED,0,0,ILLUMINA,Illumina MiSeq,SRP418019,PRJNA925003,3,925003,SRS16473641,SAMN32778098,simple,573,Klebsiella pneumoniae,MGL_K_13,,,,,,,no,,,,,TRANSLATIONAL HEALTH SCIENCE AND TECHNOLOGY INSTIT,SRA1575884,,public,893B714C5AC53422AFAB7383A468702B,02E8AD589C3AD88CF7E37EF7954D5024
SRR23106261,2023-10-13 09:04:23,2023-01-18 06:01:21,512911,281055508,512911,547,165,,https://sra-downloadb.be-md.ncbi.nlm.nih.gov/sos9/sra-pub-zq-922/SRR023/23106/SRR23106261/SRR23106261.lite.1,SRX19057747,E4_R18,WGS,PCR,GENOMIC,PAIRED,0,0,ILLUMINA,Illumina MiSeq,SRP418019,PRJNA925003,3,925003,SRS16473642,SAMN32778099,simple,573,Klebsiella pneumoniae,MGL_K_14,,,,,,,no,,,,,TRANSLATIONAL HEALTH SCIENCE AND TECHNOLOGY INSTIT,SRA1575884,,public,762397A83C407A1D48E3BB88BB15018E,6A963C18BDC034AF5640B50DC51343B4
SRR23106260,2023-10-13 09:04:23,2023-01-18 06:01:03,565958,318694784,565958,563,192,,https://sra-downloadb.be-md.ncbi.nlm.nih.gov/sos9/sra-pub-zq-922/SRR023/23106/SRR23106260/SRR23106260.lite.1,SRX19057748,F4_R18,WGS,PCR,GENOMIC,PAIRED,0,0,ILLUMINA,Illumina MiSeq,SRP418019,PRJNA925003,3,925003,SRS16473643,SAMN32778100,simple,573,Klebsiella pneumoniae,MGL_K_15,,,,,,,no,,,,,TRANSLATIONAL HEALTH SCIENCE AND TECHNOLOGY INSTIT,SRA1575884,,public,F5CA5A72DDBDCB4F171B84115A255F13,0B81328E276B282F3786547080BF99AD
SRR23106357,2023-10-13 09:04:22,2023-01-18 06:01:42,550271,307904307,550271,559,190,,https://sra-downloadb.be-md.ncbi.nlm.nih.gov/sos9/sra-pub-zq-922/SRR023/23106/SRR23106357/SRR23106357.lite.1,SRX19057651,A3_R18,WGS,PCR,GENOMIC,PAIRED,0,0,ILLUMINA,Illumina MiSeq,SRP418019,PRJNA925003,3,925003,SRS16473546,SAMN32778087,simple,573,Klebsiella pneumoniae,MGL_K_2,,,,,,,no,,,,,TRANSLATIONAL HEALTH SCIENCE AND TECHNOLOGY INSTIT,SRA1575884,,public,E638FE703A8462B9879168FA58C4E1C6,FC31C5F49596F6D5EA8E144B0BECB165
SRR23106356,2023-10-13 09:04:22,2023-01-18 06:01:27,483258,275303206,483258,569,169,,https://sra-downloadb.be-md.ncbi.nlm.nih.gov/sos9/sra-pub-zq-922/SRR023/23106/SRR23106356/SRR23106356.lite.1,SRX19057652,B3_R18,WGS,PCR,GENOMIC,PAIRED,0,0,ILLUMINA,Illumina MiSeq,SRP418019,PRJNA925003,3,925003,SRS16473547,SAMN32778088,simple,573,Klebsiella pneumoniae,MGL_K_3,,,,,,,no,,,,,TRANSLATIONAL HEALTH SCIENCE AND TECHNOLOGY INSTIT,SRA1575884,,public,8B3C513F719ECF66543041314A91B9CB,99D22FFE6FBDA3B52AB63B66778A6361
SRR23106272,2023-10-13 09:04:22,2023-01-18 06:01:38,486653,270834786,486653,556,162,,https://sra-downloadb.be-md.ncbi.nlm.nih.gov/sos9/sra-pub-zq-922/SRR023/23106/SRR23106272/SRR23106272.lite.1,SRX19057736,C3_R18,WGS,PCR,GENOMIC,PAIRED,0,0,ILLUMINA,Illumina MiSeq,SRP418019,PRJNA925003,3,925003,SRS16473631,SAMN32778089,simple,158836,Enterobacter hormaechei,MGL_K_4,,,,,,,no,,,,,TRANSLATIONAL HEALTH SCIENCE AND TECHNOLOGY INSTIT,SRA1575884,,public,607BF182123904DA5EB69BC0E3ABDF17,4D2042CEE5A7C8D997147C25341BEE31
SRR23106271,2023-10-13 09:04:22,2023-01-18 06:01:28,506214,277742675,506214,548,160,,https://sra-downloadb.be-md.ncbi.nlm.nih.gov/sos9/sra-pub-zq-922/SRR023/23106/SRR23106271/SRR23106271.lite.1,SRX19057737,D3_R18,WGS,PCR,GENOMIC,PAIRED,0,0,ILLUMINA,Illumina MiSeq,SRP418019,PRJNA925003,3,925003,SRS16473632,SAMN32778090,simple,158836,Enterobacter hormaechei,MGL_K_5,,,,,,,no,,,,,TRANSLATIONAL HEALTH SCIENCE AND TECHNOLOGY INSTIT,SRA1575884,,public,B8F4EA4D2D63A0F5AA6542B8CF2521B6,895FB94AAF6B23F5F2C07267874CEEA0
SRR23106270,2023-10-13 09:04:22,2023-01-18 06:01:49,559489,306094647,559489,547,178,,https://sra-downloadb.be-md.ncbi.nlm.nih.gov/sos9/sra-pub-zq-922/SRR023/23106/SRR23106270/SRR23106270.lite.1,SRX19057738,E3_R18,WGS,PCR,GENOMIC,PAIRED,0,0,ILLUMINA,Illumina MiSeq,SRP418019,PRJNA925003,3,925003,SRS16473633,SAMN32778091,simple,573,Klebsiella pneumoniae,MGL_K_6,,,,,,,no,,,,,TRANSLATIONAL HEALTH SCIENCE AND TECHNOLOGY INSTIT,SRA1575884,,public,5EBF6BF646970E58464920CFCD0A2445,FC4E1A5EC5A3B95467496C9952AB7B6B
SRR23106269,2023-10-13 09:04:22,2023-01-18 06:01:37,540124,295318963,540124,546,176,,https://sra-downloadb.be-md.ncbi.nlm.nih.gov/sos9/sra-pub-zq-922/SRR023/23106/SRR23106269/SRR23106269.lite.1,SRX19057739,F3_R18,WGS,PCR,GENOMIC,PAIRED,0,0,ILLUMINA,Illumina MiSeq,SRP418019,PRJNA925003,3,925003,SRS16473634,SAMN32778092,simple,573,Klebsiella pneumoniae,MGL_K_7,,,,,,,no,,,,,TRANSLATIONAL HEALTH SCIENCE AND TECHNOLOGY INSTIT,SRA1575884,,public,83DF3C539B69CB7E6A77BABD795B9282,406CD8BA392838E32FBCEEBA137291CD
SRR23106268,2023-10-13 09:04:22,2023-01-18 06:01:42,466168,259029083,466168,555,153,,https://sra-downloadb.be-md.ncbi.nlm.nih.gov/sos9/sra-pub-zq-922/SRR023/23106/SRR23106268/SRR23106268.lite.1,SRX19057740,G3_R18,WGS,PCR,GENOMIC,PAIRED,0,0,ILLUMINA,Illumina MiSeq,SRP418019,PRJNA925003,3,925003,SRS16473635,SAMN32778093,simple,573,Klebsiella pneumoniae,MGL_K_8,,,,,,,no,,,,,TRANSLATIONAL HEALTH SCIENCE AND TECHNOLOGY INSTIT,SRA1575884,,public,F82606F7834FAE686E2FBEB58E46BCBB,C5BEBB5F3E9A8D7B1536F6541C059303
SRR23106267,2023-10-13 09:04:22,2023-01-18 06:01:20,444789,249036593,444789,559,148,,https://sra-downloadb.be-md.ncbi.nlm.nih.gov/sos9/sra-pub-zq-922/SRR023/23106/SRR23106267/SRR23106267.lite.1,SRX19057741,H3_R18,WGS,PCR,GENOMIC,PAIRED,0,0,ILLUMINA,Illumina MiSeq,SRP418019,PRJNA925003,3,925003,SRS16473636,SAMN32778094,simple,573,Klebsiella pneumoniae,MGL_K_9,,,,,,,no,,,,,TRANSLATIONAL HEALTH SCIENCE AND TECHNOLOGY INSTIT,SRA1575884,,public,4963AF95C430E0C3AEA5699D21035897,0840553105B4AECF85890E9CBC513F02
SRR23106292,2023-10-13 09:04:22,2023-01-18 06:01:40,644054,355351585,644054,551,216,,https://sra-downloadb.be-md.ncbi.nlm.nih.gov/sos9/sra-pub-zq-922/SRR023/23106/SRR23106292/SRR23106292.lite.1,SRX19057716,D3_R35,WGS,PCR,GENOMIC,PAIRED,0,0,ILLUMINA,Illumina MiSeq,SRP418019,PRJNA925003,3,925003,SRS16473611,SAMN32778125,simple,90371,Salmonella enterica subsp. enterica serovar Typhimurium,MGL_P10A,,,,,,,no,,,,,TRANSLATIONAL HEALTH SCIENCE AND TECHNOLOGY INSTIT,SRA1575884,,public,C3734DA9BCA27176315E6BC8C66DD5CF,67002E71E97332D2F7D6E343CD895E71
SRR23106289,2023-10-13 09:04:22,2023-01-18 06:01:29,648890,358253678,648890,552,214,,https://sra-downloadb.be-md.ncbi.nlm.nih.gov/sos1/sra-pub-zq-38/SRR023/23106/SRR23106289/SRR23106289.lite.1,SRX19057719,E3_R35,WGS,PCR,GENOMIC,PAIRED,0,0,ILLUMINA,Illumina MiSeq,SRP418019,PRJNA925003,3,925003,SRS16473614,SAMN32778126,simple,90371,Salmonella enterica subsp. enterica serovar Typhimurium,MGL_P10B,,,,,,,no,,,,,TRANSLATIONAL HEALTH SCIENCE AND TECHNOLOGY INSTIT,SRA1575884,,public,FC181FB9020C2264BCBF1D42D62ABF25,25B4D2C68926A4402AC07E2F1B23E76A
SRR23106288,2023-10-13 09:04:22,2023-01-18 06:01:43,647209,357026343,647209,551,215,,https://sra-downloadb.be-md.ncbi.nlm.nih.gov/sos9/sra-pub-zq-922/SRR023/23106/SRR23106288/SRR23106288.lite.1,SRX19057720,F3_R35,WGS,PCR,GENOMIC,PAIRED,0,0,ILLUMINA,Illumina MiSeq,SRP418019,PRJNA925003,3,925003,SRS16473615,SAMN32778127,simple,90371,Salmonella enterica subsp. enterica serovar Typhimurium,MGL_P10C,,,,,,,no,,,,,TRANSLATIONAL HEALTH SCIENCE AND TECHNOLOGY INSTIT,SRA1575884,,public,33CE4C1461C44266B10E1BFFC4E726CB,6E889A3D3FAA07B02F55AE0A0C0B0048
SRR23106259,2023-10-13 09:04:23,2023-01-18 06:01:33,333537,187097043,333537,560,117,,https://sra-downloadb.be-md.ncbi.nlm.nih.gov/sos9/sra-pub-zq-922/SRR023/23106/SRR23106259/SRR23106259.lite.1,SRX19057749,B3_R26,WGS,PCR,GENOMIC,PAIRED,0,0,ILLUMINA,Illumina MiSeq,SRP418019,PRJNA925003,3,925003,SRS16473644,SAMN32778101,simple,90371,Salmonella enterica subsp. enterica serovar Typhimurium,MGL_P1A,,,,,,,no,,,,,TRANSLATIONAL HEALTH SCIENCE AND TECHNOLOGY INSTIT,SRA1575884,,public,007C2284A48A0990F30C0A2D6F3EA61D,B97B9B69DB93E9BDDA0292562D556FD2
SRR23106258,2023-10-13 09:04:23,2023-01-18 06:01:25,329703,186567345,329703,565,118,,https://sra-downloadb.be-md.ncbi.nlm.nih.gov/sos9/sra-pub-zq-922/SRR023/23106/SRR23106258/SRR23106258.lite.1,SRX19057750,C3_R26,WGS,PCR,GENOMIC,PAIRED,0,0,ILLUMINA,Illumina MiSeq,SRP418019,PRJNA925003,3,925003,SRS16473645,SAMN32778102,simple,90371,Salmonella enterica subsp. enterica serovar Typhimurium,MGL_P1B,,,,,,,no,,,,,TRANSLATIONAL HEALTH SCIENCE AND TECHNOLOGY INSTIT,SRA1575884,,public,55A47E668AEFABFE523134E58D9515CE,CF05C5CC86A9176C3F22037BCA3F9888
SRR23106257,2023-10-13 09:04:23,2023-01-18 06:01:26,242317,136367982,242317,562,85,,https://sra-downloadb.be-md.ncbi.nlm.nih.gov/sos9/sra-pub-zq-922/SRR023/23106/SRR23106257/SRR23106257.lite.1,SRX19057751,D3_R26,WGS,PCR,GENOMIC,PAIRED,0,0,ILLUMINA,Illumina MiSeq,SRP418019,PRJNA925003,3,925003,SRS16473646,SAMN32778103,simple,90371,Salmonella enterica subsp. enterica serovar Typhimurium,MGL_P1C,,,,,,,no,,,,,TRANSLATIONAL HEALTH SCIENCE AND TECHNOLOGY INSTIT,SRA1575884,,public,3D153F6700315EA87533802F2A7A1DE3,E00F2929A339C4A63C0B11970B8D980F
SRR23106256,2023-10-13 09:04:23,2023-01-18 06:01:12,257301,144520632,257301,561,90,,https://sra-downloadb.be-md.ncbi.nlm.nih.gov/sos9/sra-pub-zq-922/SRR023/23106/SRR23106256/SRR23106256.lite.1,SRX19057752,E3_R26,WGS,PCR,GENOMIC,PAIRED,0,0,ILLUMINA,Illumina MiSeq,SRP418019,PRJNA925003,3,925003,SRS16473647,SAMN32778104,simple,90371,Salmonella enterica subsp. enterica serovar Typhimurium,MGL_P2A,,,,,,,no,,,,,TRANSLATIONAL HEALTH SCIENCE AND TECHNOLOGY INSTIT,SRA1575884,,public,66385009C3F13CD925E35B21B47B193E,B918620E785D59FE7BCD9F95BDAB43EA
SRR23106255,2023-10-13 09:04:23,2023-01-18 06:01:21,288843,160380030,288843,555,99,,https://sra-downloadb.be-md.ncbi.nlm.nih.gov/sos9/sra-pub-zq-922/SRR023/23106/SRR23106255/SRR23106255.lite.1,SRX19057753,F3_R26,WGS,PCR,GENOMIC,PAIRED,0,0,ILLUMINA,Illumina MiSeq,SRP418019,PRJNA925003,3,925003,SRS16473648,SAMN32778105,simple,90371,Salmonella enterica subsp. enterica serovar Typhimurium,MGL_P2B,,,,,,,no,,,,,TRANSLATIONAL HEALTH SCIENCE AND TECHNOLOGY INSTIT,SRA1575884,,public,5A46A972525D5B3CC4BD6CEA5B884B5A,F2615992FACFDC2C2DED34EED0DB6D8A
SRR23106253,2023-10-13 09:04:23,2023-01-18 06:01:18,234663,131888284,234663,562,82,,https://sra-downloadb.be-md.ncbi.nlm.nih.gov/sos9/sra-pub-zq-922/SRR023/23106/SRR23106253/SRR23106253.lite.1,SRX19057755,G3_R26,WGS,PCR,GENOMIC,PAIRED,0,0,ILLUMINA,Illumina MiSeq,SRP418019,PRJNA925003,3,925003,SRS16473650,SAMN32778106,simple,90371,Salmonella enterica subsp. enterica serovar Typhimurium,MGL_P2C,,,,,,,no,,,,,TRANSLATIONAL HEALTH SCIENCE AND TECHNOLOGY INSTIT,SRA1575884,,public,FEE09129D1C926AF94917C295BC4ECE5,5CFB8BC245272F0DC37A62357BDF103E
SRR23106252,2023-10-13 09:04:23,2023-01-18 06:01:25,244780,135871094,244780,555,83,,https://sra-downloadb.be-md.ncbi.nlm.nih.gov/sos9/sra-pub-zq-922/SRR023/23106/SRR23106252/SRR23106252.lite.1,SRX19057756,H3_R26,WGS,PCR,GENOMIC,PAIRED,0,0,ILLUMINA,Illumina MiSeq,SRP418019,PRJNA925003,3,925003,SRS16473651,SAMN32778107,simple,90371,Salmonella enterica subsp. enterica serovar Typhimurium,MGL_P3A,,,,,,,no,,,,,TRANSLATIONAL HEALTH SCIENCE AND TECHNOLOGY INSTIT,SRA1575884,,public,65E96454581882101920154B7BB1FC05,26FF8CB2BE76BE22AFA9C655FEA51177
SRR23106251,2023-10-13 09:04:23,2023-01-18 06:01:23,251409,141570004,251409,563,89,,https://sra-downloadb.be-md.ncbi.nlm.nih.gov/sos9/sra-pub-zq-922/SRR023/23106/SRR23106251/SRR23106251.lite.1,SRX19057757,A4_R26,WGS,PCR,GENOMIC,PAIRED,0,0,ILLUMINA,Illumina MiSeq,SRP418019,PRJNA925003,3,925003,SRS16473653,SAMN32778108,simple,90371,Salmonella enterica subsp. enterica serovar Typhimurium,MGL_P3B,,,,,,,no,,,,,TRANSLATIONAL HEALTH SCIENCE AND TECHNOLOGY INSTIT,SRA1575884,,public,D9EB148B484DC89D047513CF52137035,58A8FD2BC29B7A661D3FB89F9DE0DA09
SRR23106250,2023-10-13 09:04:23,2023-01-18 06:01:26,247211,139992625,247211,566,87,,https://sra-downloadb.be-md.ncbi.nlm.nih.gov/sos9/sra-pub-zq-922/SRR023/23106/SRR23106250/SRR23106250.lite.1,SRX19057758,B4_R26,WGS,PCR,GENOMIC,PAIRED,0,0,ILLUMINA,Illumina MiSeq,SRP418019,PRJNA925003,3,925003,SRS16473652,SAMN32778109,simple,90371,Salmonella enterica subsp. enterica serovar Typhimurium,MGL_P3C,,,,,,,no,,,,,TRANSLATIONAL HEALTH SCIENCE AND TECHNOLOGY INSTIT,SRA1575884,,public,E69B632ED22BF1D27234DD22A100E96F,CB5B08C0F23AA7C8B67A560E9DEE8274
SRR23106249,2023-10-13 09:04:23,2023-01-18 06:01:29,271763,153083646,271763,563,96,,https://sra-downloadb.be-md.ncbi.nlm.nih.gov/sos9/sra-pub-zq-922/SRR023/23106/SRR23106249/SRR23106249.lite.1,SRX19057759,C4_R26,WGS,PCR,GENOMIC,PAIRED,0,0,ILLUMINA,Illumina MiSeq,SRP418019,PRJNA925003,3,925003,SRS16473654,SAMN32778110,simple,90371,Salmonella enterica subsp. enterica serovar Typhimurium,MGL_P4A,,,,,,,no,,,,,TRANSLATIONAL HEALTH SCIENCE AND TECHNOLOGY INSTIT,SRA1575884,,public,0689B795924B33DE782319295A3477B3,D772978195D10E93FC42E8101AECE2F4
SRR23106307,2023-10-13 09:04:22,2023-01-18 06:01:29,251290,141148416,251290,561,88,,https://sra-downloadb.be-md.ncbi.nlm.nih.gov/sos9/sra-pub-zq-922/SRR023/23106/SRR23106307/SRR23106307.lite.1,SRX19057701,D4_R26,WGS,PCR,GENOMIC,PAIRED,0,0,ILLUMINA,Illumina MiSeq,SRP418019,PRJNA925003,3,925003,SRS16473596,SAMN32778111,simple,90371,Salmonella enterica subsp. enterica serovar Typhimurium,MGL_P4B,,,,,,,no,,,,,TRANSLATIONAL HEALTH SCIENCE AND TECHNOLOGY INSTIT,SRA1575884,,public,16624AC242107BA30FD26EDCDA14B991,0BF14461B284D5BBFA997308FF096C60
SRR23106306,2023-10-13 09:04:22,2023-01-18 06:00:57,276328,157635537,276328,570,100,,https://sra-downloadb.be-md.ncbi.nlm.nih.gov/sos1/sra-pub-zq-38/SRR023/23106/SRR23106306/SRR23106306.lite.1,SRX19057702,E4_R26,WGS,PCR,GENOMIC,PAIRED,0,0,ILLUMINA,Illumina MiSeq,SRP418019,PRJNA925003,3,925003,SRS16473597,SAMN32778112,simple,90371,Salmonella enterica subsp. enterica serovar Typhimurium,MGL_P4C,,,,,,,no,,,,,TRANSLATIONAL HEALTH SCIENCE AND TECHNOLOGY INSTIT,SRA1575884,,public,9F874FC2C3B6B607EA61FB29979F0798,D338AB416923B402458643A7048FCDAF
SRR23106305,2023-10-13 09:04:22,2023-01-18 06:01:32,288291,163345287,288291,566,104,,https://sra-downloadb.be-md.ncbi.nlm.nih.gov/sos9/sra-pub-zq-922/SRR023/23106/SRR23106305/SRR23106305.lite.1,SRX19057703,F4_R26,WGS,PCR,GENOMIC,PAIRED,0,0,ILLUMINA,Illumina MiSeq,SRP418019,PRJNA925003,3,925003,SRS16473598,SAMN32778113,simple,90371,Salmonella enterica subsp. enterica serovar Typhimurium,MGL_P5A,,,,,,,no,,,,,TRANSLATIONAL HEALTH SCIENCE AND TECHNOLOGY INSTIT,SRA1575884,,public,5A8F003302EB85E993F9A063DAC85DA3,4915BC6B4BA90A767BB4E67272B024A5
SRR23106304,2023-10-13 09:04:22,2023-01-18 06:01:33,265473,150204585,265473,565,93,,https://sra-downloadb.be-md.ncbi.nlm.nih.gov/sos9/sra-pub-zq-922/SRR023/23106/SRR23106304/SRR23106304.lite.1,SRX19057704,G4_R26,WGS,PCR,GENOMIC,PAIRED,0,0,ILLUMINA,Illumina MiSeq,SRP418019,PRJNA925003,3,925003,SRS16473599,SAMN32778114,simple,90371,Salmonella enterica subsp. enterica serovar Typhimurium,MGL_P5B,,,,,,,no,,,,,TRANSLATIONAL HEALTH SCIENCE AND TECHNOLOGY INSTIT,SRA1575884,,public,38F839365F64A15411A4A397CD41210B,8A9EDDD128FA7BCA25D4588AA4E65AF3
SRR23106303,2023-10-13 09:04:22,2023-01-18 06:01:12,201364,114851216,201364,570,75,,https://sra-downloadb.be-md.ncbi.nlm.nih.gov/sos9/sra-pub-zq-922/SRR023/23106/SRR23106303/SRR23106303.lite.1,SRX19057705,H4_R26,WGS,PCR,GENOMIC,PAIRED,0,0,ILLUMINA,Illumina MiSeq,SRP418019,PRJNA925003,3,925003,SRS16473600,SAMN32778115,simple,90371,Salmonella enterica subsp. enterica serovar Typhimurium,MGL_P5C,,,,,,,no,,,,,TRANSLATIONAL HEALTH SCIENCE AND TECHNOLOGY INSTIT,SRA1575884,,public,F4486B3E70F76839230F44E459B10F6B,1DBEFC15F730486E35FEDD24D6827136
SRR23106301,2023-10-13 09:04:22,2023-01-18 06:01:18,252517,142367637,252517,563,90,,https://sra-downloadb.be-md.ncbi.nlm.nih.gov/sos9/sra-pub-zq-922/SRR023/23106/SRR23106301/SRR23106301.lite.1,SRX19057707,A5_R26,WGS,PCR,GENOMIC,PAIRED,0,0,ILLUMINA,Illumina MiSeq,SRP418019,PRJNA925003,3,925003,SRS16473602,SAMN32778116,simple,90371,Salmonella enterica subsp. enterica serovar Typhimurium,MGL_P6A,,,,,,,no,,,,,TRANSLATIONAL HEALTH SCIENCE AND TECHNOLOGY INSTIT,SRA1575884,,public,9C466FCB4C7C8FB0EBBC566A00645B44,B3921C11EE4748E448AA045E38F6920D
SRR23106300,2023-10-13 09:04:22,2023-01-18 06:01:24,351991,196779309,351991,559,123,,https://sra-downloadb.be-md.ncbi.nlm.nih.gov/sos9/sra-pub-zq-922/SRR023/23106/SRR23106300/SRR23106300.lite.1,SRX19057708,B5_R26,WGS,PCR,GENOMIC,PAIRED,0,0,ILLUMINA,Illumina MiSeq,SRP418019,PRJNA925003,3,925003,SRS16473603,SAMN32778117,simple,90371,Salmonella enterica subsp. enterica serovar Typhimurium,MGL_P6B,,,,,,,no,,,,,TRANSLATIONAL HEALTH SCIENCE AND TECHNOLOGY INSTIT,SRA1575884,,public,7E03713E4FB4717AF71DF2E4BCFDAF93,384A98C8E3D9B1A1BEFD91D872567A52
SRR23106287,2023-10-13 09:04:22,2023-01-18 06:01:48,624062,344474124,624062,551,209,,https://sra-downloadb.be-md.ncbi.nlm.nih.gov/sos9/sra-pub-zq-922/SRR023/23106/SRR23106287/SRR23106287.lite.1,SRX19057721,G3_R35,WGS,PCR,GENOMIC,PAIRED,0,0,ILLUMINA,Illumina MiSeq,SRP418019,PRJNA925003,3,925003,SRS16473616,SAMN32778128,simple,90371,Salmonella enterica subsp. enterica serovar Typhimurium,MGL_P6C,,,,,,,no,,,,,TRANSLATIONAL HEALTH SCIENCE AND TECHNOLOGY INSTIT,SRA1575884,,public,C694BBA9C319A1786B77231192FD019F,B3CA64CA8BE7EB2EF90E9F4249CC6A9F
SRR23106299,2023-10-13 09:04:22,2023-01-18 06:01:35,671679,376612080,671679,560,234,,https://sra-downloadb.be-md.ncbi.nlm.nih.gov/sos9/sra-pub-zq-922/SRR023/23106/SRR23106299/SRR23106299.lite.1,SRX19057709,C2_R35,WGS,PCR,GENOMIC,PAIRED,0,0,ILLUMINA,Illumina MiSeq,SRP418019,PRJNA925003,3,925003,SRS16473604,SAMN32778118,simple,90371,Salmonella enterica subsp. enterica serovar Typhimurium,MGL_P7A,,,,,,,no,,,,,TRANSLATIONAL HEALTH SCIENCE AND TECHNOLOGY INSTIT,SRA1575884,,public,716873A532D373DD283914B05F07857F,81DBB154F3B700C40195280A701A0BFF
SRR23106298,2023-10-13 09:04:22,2023-01-18 06:01:53,654089,363152278,654089,555,220,,https://sra-downloadb.be-md.ncbi.nlm.nih.gov/sos9/sra-pub-zq-922/SRR023/23106/SRR23106298/SRR23106298.lite.1,SRX19057710,D2_R35,WGS,PCR,GENOMIC,PAIRED,0,0,ILLUMINA,Illumina MiSeq,SRP418019,PRJNA925003,3,925003,SRS16473605,SAMN32778119,simple,90371,Salmonella enterica subsp. enterica serovar Typhimurium,MGL_P7B,,,,,,,no,,,,,TRANSLATIONAL HEALTH SCIENCE AND TECHNOLOGY INSTIT,SRA1575884,,public,33C0C29649C693A93D3AA6598E182FD1,B64020689C24E820B1D45B4F646D8D6C
SRR23106297,2023-10-13 09:04:22,2023-01-18 06:01:27,552194,302412900,552194,547,182,,https://sra-downloadb.be-md.ncbi.nlm.nih.gov/sos9/sra-pub-zq-922/SRR023/23106/SRR23106297/SRR23106297.lite.1,SRX19057711,F2_R35,WGS,PCR,GENOMIC,PAIRED,0,0,ILLUMINA,Illumina MiSeq,SRP418019,PRJNA925003,3,925003,SRS16473606,SAMN32778120,simple,90371,Salmonella enterica subsp. enterica serovar Typhimurium,MGL_P8A,,,,,,,no,,,,,TRANSLATIONAL HEALTH SCIENCE AND TECHNOLOGY INSTIT,SRA1575884,,public,CB5FC59648E4DE1669E4EFE08C941848,FFC08BEF19A7B6B66AB5467F1630C65F
SRR23106296,2023-10-13 09:04:22,2023-01-18 06:01:48,634713,355779325,634713,560,222,,https://sra-downloadb.be-md.ncbi.nlm.nih.gov/sos9/sra-pub-zq-922/SRR023/23106/SRR23106296/SRR23106296.lite.1,SRX19057712,G2_R35,WGS,PCR,GENOMIC,PAIRED,0,0,ILLUMINA,Illumina MiSeq,SRP418019,PRJNA925003,3,925003,SRS16473608,SAMN32778121,simple,90371,Salmonella enterica subsp. enterica serovar Typhimurium,MGL_P8B,,,,,,,no,,,,,TRANSLATIONAL HEALTH SCIENCE AND TECHNOLOGY INSTIT,SRA1575884,,public,41C40690E07C7B0F1D5CA17FB7616E6A,3783D441C4BE1D1DD65DA0E7772CEA3E
SRR23106295,2023-10-13 09:04:22,2023-01-18 06:02:01,760598,411502179,760598,541,248,,https://sra-downloadb.be-md.ncbi.nlm.nih.gov/sos9/sra-pub-zq-922/SRR023/23106/SRR23106295/SRR23106295.lite.1,SRX19057713,A3_R35,WGS,PCR,GENOMIC,PAIRED,0,0,ILLUMINA,Illumina MiSeq,SRP418019,PRJNA925003,3,925003,SRS16473607,SAMN32778122,simple,90371,Salmonella enterica subsp. enterica serovar Typhimurium,MGL_P9A,,,,,,,no,,,,,TRANSLATIONAL HEALTH SCIENCE AND TECHNOLOGY INSTIT,SRA1575884,,public,BCBAEECC94097CEBA7CC918AF4866B43,E96BA9C12E37E9C3BB559D7DFF3389CE
SRR23106294,2023-10-13 09:04:22,2023-01-18 06:01:41,777022,424848686,777022,546,259,,https://sra-downloadb.be-md.ncbi.nlm.nih.gov/sos9/sra-pub-zq-922/SRR023/23106/SRR23106294/SRR23106294.lite.1,SRX19057714,B3_R35,WGS,PCR,GENOMIC,PAIRED,0,0,ILLUMINA,Illumina MiSeq,SRP418019,PRJNA925003,3,925003,SRS16473609,SAMN32778123,simple,90371,Salmonella enterica subsp. enterica serovar Typhimurium,MGL_P9B,,,,,,,no,,,,,TRANSLATIONAL HEALTH SCIENCE AND TECHNOLOGY INSTIT,SRA1575884,,public,7FBE9C85AD498ABEB4689F0D556D70F0,4138364759E641E5214E1E9F4DE351BE
SRR23106293,2023-10-13 09:04:22,2023-01-18 06:01:39,771117,424591953,771117,550,258,,https://sra-downloadb.be-md.ncbi.nlm.nih.gov/sos9/sra-pub-zq-922/SRR023/23106/SRR23106293/SRR23106293.lite.1,SRX19057715,C3_R35,WGS,PCR,GENOMIC,PAIRED,0,0,ILLUMINA,Illumina MiSeq,SRP418019,PRJNA925003,3,925003,SRS16473610,SAMN32778124,simple,90371,Salmonella enterica subsp. enterica serovar Typhimurium,MGL_P9C,,,,,,,no,,,,,TRANSLATIONAL HEALTH SCIENCE AND TECHNOLOGY INSTIT,SRA1575884,,public,0B0E514A2F30E733FE009234A3D5D098,FF1C473071AA7BB1DF271AE3A3A93599
SRR23106379,2023-10-13 09:04:22,2023-01-18 06:01:53,696885,387592779,696885,556,241,,https://sra-downloadb.be-md.ncbi.nlm.nih.gov/sos9/sra-pub-zq-922/SRR023/23106/SRR23106379/SRR23106379.lite.1,SRX19057629,D4_R35,WGS,PCR,GENOMIC,PAIRED,0,0,ILLUMINA,Illumina MiSeq,SRP418019,PRJNA925003,3,925003,SRS16473524,SAMN32778067,simple,303,Pseudomonas putida,MGL_R1GC,,,,,,,no,,,,,TRANSLATIONAL HEALTH SCIENCE AND TECHNOLOGY INSTIT,SRA1575884,,public,DCF1DC78220A1EFCD784C4F442C155AB,DF9C6498B87AECE8D2B5705C4C431B51
SRR23106378,2023-10-13 09:04:22,2023-01-18 06:01:40,719259,392754654,719259,546,237,,https://sra-downloadb.be-md.ncbi.nlm.nih.gov/sos9/sra-pub-zq-922/SRR023/23106/SRR23106378/SRR23106378.lite.1,SRX19057630,E4_R35,WGS,PCR,GENOMIC,PAIRED,0,0,ILLUMINA,Illumina MiSeq,SRP418019,PRJNA925003,3,925003,SRS16473525,SAMN32778068,simple,582,Morganella morganii,MGL_R2GC1,,,,,,,no,,,,,TRANSLATIONAL HEALTH SCIENCE AND TECHNOLOGY INSTIT,SRA1575884,,public,D499A76646FAC909A5DD414E9F8760D5,E71674D3CB87921D6E0BB79D0996B964
SRR23106377,2023-10-13 09:04:22,2023-01-18 06:01:42,619090,346187324,619090,559,214,,https://sra-downloadb.be-md.ncbi.nlm.nih.gov/sos9/sra-pub-zq-922/SRR023/23106/SRR23106377/SRR23106377.lite.1,SRX19057631,F4_R35,WGS,PCR,GENOMIC,PAIRED,0,0,ILLUMINA,Illumina MiSeq,SRP418019,PRJNA925003,3,925003,SRS16473526,SAMN32778069,simple,158836,Enterobacter hormaechei,MGL_R2OC1,,,,,,,no,,,,,TRANSLATIONAL HEALTH SCIENCE AND TECHNOLOGY INSTIT,SRA1575884,,public,8EE09198C7D07C744F6DA6BC554F5980,B802A470A2C131B0531742B46A5AF23D
SRR23106376,2023-10-13 09:04:22,2023-01-18 06:01:36,635231,352248323,635231,554,214,,https://sra-downloadb.be-md.ncbi.nlm.nih.gov/sos9/sra-pub-zq-922/SRR023/23106/SRR23106376/SRR23106376.lite.1,SRX19057632,H4_R35,WGS,PCR,GENOMIC,PAIRED,0,0,ILLUMINA,Illumina MiSeq,SRP418019,PRJNA925003,3,925003,SRS16473527,SAMN32778070,simple,582,Morganella morganii,MGL_R4GC,,,,,,,no,,,,,TRANSLATIONAL HEALTH SCIENCE AND TECHNOLOGY INSTIT,SRA1575884,,public,D08DA5813EFC4DD2CCF65B6B8DEF5DD4,00C6B90E62A6D1DEFF77C569B9734625
